Game ID,Puzzle Date,Group Name,Group Level,Word
syn-1,2022-01-02,THINGS THAT ARE SHARP,0,KNIFE
syn-1,2022-01-02,THINGS THAT ARE SHARP,0,NEEDLE
syn-1,2022-01-02,THINGS THAT ARE SHARP,0,TACK
syn-1,2022-01-02,THINGS THAT ARE SHARP,0,BLADE
syn-1,2022-01-02,TYPES OF MUSIC GENRES,1,SOUL
syn-1,2022-01-02,TYPES OF MUSIC GENRES,1,PUNK
syn-1,2022-01-02,TYPES OF MUSIC GENRES,1,BLUES
syn-1,2022-01-02,TYPES OF MUSIC GENRES,1,GOSPEL
syn-1,2022-01-02,WORDS HIDING A BODY PART,2,LEGIBLE
syn-1,2022-01-02,WORDS HIDING A BODY PART,2,ARMADA
syn-1,2022-01-02,WORDS HIDING A BODY PART,2,HEADWAY
syn-1,2022-01-02,WORDS HIDING A BODY PART,2,NOSTRIL
syn-1,2022-01-02,HOMOPHONES OF THINGS YOU WEAR,3,SUITE
syn-1,2022-01-02,HOMOPHONES OF THINGS YOU WEAR,3,GENES
syn-1,2022-01-02,HOMOPHONES OF THINGS YOU WEAR,3,THROUGH
syn-1,2022-01-02,HOMOPHONES OF THINGS YOU WEAR,3,WAIST
syn-2,2022-01-03,TYPES OF BREAD,0,SOURDOUGH
syn-2,2022-01-03,TYPES OF BREAD,0,PUMPERNICKEL
syn-2,2022-01-03,TYPES OF BREAD,0,FLATBREAD
syn-2,2022-01-03,TYPES OF BREAD,0,FOCACCIA
syn-2,2022-01-03,THINGS THAT ARE COLD,1,SHOULDER
syn-2,2022-01-03,THINGS THAT ARE COLD,1,WAR
syn-2,2022-01-03,THINGS THAT ARE COLD,1,FEET
syn-2,2022-01-03,THINGS THAT ARE COLD,1,CASE
syn-2,2022-01-03,WORDS CONTAINING A MUSICAL NOTE,2,BEFRIEND
syn-2,2022-01-03,WORDS CONTAINING A MUSICAL NOTE,2,RESONATE
syn-2,2022-01-03,WORDS CONTAINING A MUSICAL NOTE,2,MIDTERM
syn-2,2022-01-03,WORDS CONTAINING A MUSICAL NOTE,2,FAKERY
syn-2,2022-01-03,MICHAEL ___,3,JORDAN
syn-2,2022-01-03,MICHAEL ___,3,BOLTON
syn-2,2022-01-03,MICHAEL ___,3,JACKSON
syn-2,2022-01-03,MICHAEL ___,3,FASSBENDER
syn-3,2022-01-04,TYPES OF PASTA,0,PENNE
syn-3,2022-01-04,TYPES OF PASTA,0,RIGATONI
syn-3,2022-01-04,TYPES OF PASTA,0,FUSILLI
syn-3,2022-01-04,TYPES OF PASTA,0,LINGUINE
syn-3,2022-01-04,WORDS THAT CAN FOLLOW 'HARD',1,DRIVE
syn-3,2022-01-04,WORDS THAT CAN FOLLOW 'HARD',1,COPY
syn-3,2022-01-04,WORDS THAT CAN FOLLOW 'HARD',1,WEAR
syn-3,2022-01-04,WORDS THAT CAN FOLLOW 'HARD',1,WIRE
syn-3,2022-01-04,HIDDEN FRUIT INSIDE,2,ORANGE
syn-3,2022-01-04,HIDDEN FRUIT INSIDE,2,APRICOT
syn-3,2022-01-04,HIDDEN FRUIT INSIDE,2,PINEAPPLE
syn-3,2022-01-04,HIDDEN FRUIT INSIDE,2,TANGERINE
syn-3,2022-01-04,ANAGRAMS OF GREEK LETTERS,3,SILENT
syn-3,2022-01-04,ANAGRAMS OF GREEK LETTERS,3,AMPLE
syn-3,2022-01-04,ANAGRAMS OF GREEK LETTERS,3,THAWS
syn-3,2022-01-04,ANAGRAMS OF GREEK LETTERS,3,MOAT
syn-4,2022-01-05,TYPES OF COFFEE DRINKS,0,LATTE
syn-4,2022-01-05,TYPES OF COFFEE DRINKS,0,MOCHA
syn-4,2022-01-05,TYPES OF COFFEE DRINKS,0,ESPRESSO
syn-4,2022-01-05,TYPES OF COFFEE DRINKS,0,CAPPUCCINO
syn-4,2022-01-05,THINGS THAT COME IN A SHELL,1,NUT
syn-4,2022-01-05,THINGS THAT COME IN A SHELL,1,EGG
syn-4,2022-01-05,THINGS THAT COME IN A SHELL,1,CLAM
syn-4,2022-01-05,THINGS THAT COME IN A SHELL,1,SNAIL
syn-4,2022-01-05,FAMOUS PAULS,2,MCCARTNEY
syn-4,2022-01-05,FAMOUS PAULS,2,NEWMAN
syn-4,2022-01-05,FAMOUS PAULS,2,RUDD
syn-4,2022-01-05,FAMOUS PAULS,2,RYAN
syn-4,2022-01-05,WORDS HIDING A UNIT OF MEASUREMENT,3,THERMOS
syn-4,2022-01-05,WORDS HIDING A UNIT OF MEASUREMENT,3,BASEMENT
syn-4,2022-01-05,WORDS HIDING A UNIT OF MEASUREMENT,3,YARDWORK
syn-4,2022-01-05,WORDS HIDING A UNIT OF MEASUREMENT,3,TONNAGE
syn-6,2022-01-07,TYPES OF TREES,0,OAK
syn-6,2022-01-07,TYPES OF TREES,0,MAPLE
syn-6,2022-01-07,TYPES OF TREES,0,BIRCH
syn-6,2022-01-07,TYPES OF TREES,0,SPRUCE
syn-6,2022-01-07,THINGS THAT CAN BE FILED,1,COMPLAINT
syn-6,2022-01-07,THINGS THAT CAN BE FILED,1,LAWSUIT
syn-6,2022-01-07,THINGS THAT CAN BE FILED,1,TAXES
syn-6,2022-01-07,THINGS THAT CAN BE FILED,1,NAILS
syn-6,2022-01-07,PRECEDES 'BELL',2,BARBELL
syn-6,2022-01-07,PRECEDES 'BELL',2,DUMBBELL
syn-6,2022-01-07,PRECEDES 'BELL',2,BLUEBOTTLE
syn-6,2022-01-07,PRECEDES 'BELL',2,BLUEBELL
syn-6,2022-01-07,CELEBRITIES NAMED PATRICK,3,SWAYZE
syn-6,2022-01-07,CELEBRITIES NAMED PATRICK,3,DEMPSEY
syn-6,2022-01-07,CELEBRITIES NAMED PATRICK,3,STEWART
syn-6,2022-01-07,CELEBRITIES NAMED PATRICK,3,MAHOMES
syn-7,2022-01-08,THIEF,0,BURGLAR
syn-7,2022-01-08,THIEF,0,CROOK
syn-7,2022-01-08,THIEF,0,ROBBER
syn-7,2022-01-08,THIEF,0,BANDIT
syn-7,2022-01-08,TYPES OF MARKETS,1,BULL
syn-7,2022-01-08,TYPES OF MARKETS,1,BEAR
syn-7,2022-01-08,TYPES OF MARKETS,1,BLACK
syn-7,2022-01-08,TYPES OF MARKETS,1,FLEA
syn-7,2022-01-08,"THINGS YOU CAN ""WORK""",2,MAGIC
syn-7,2022-01-08,"THINGS YOU CAN ""WORK""",2,MIRACLES
syn-7,2022-01-08,"THINGS YOU CAN ""WORK""",2,ANGLES
syn-7,2022-01-08,"THINGS YOU CAN ""WORK""",2,WONDERS
syn-7,2022-01-08,WORDS HIDING A MUSICAL NOTE,3,ESTATE
syn-7,2022-01-08,WORDS HIDING A MUSICAL NOTE,3,SIDECAR
syn-7,2022-01-08,WORDS HIDING A MUSICAL NOTE,3,TIMELESS
syn-7,2022-01-08,WORDS HIDING A MUSICAL NOTE,3,THREAD
syn-8,2022-01-09,TYPES OF BERRIES,0,STRAW
syn-8,2022-01-09,TYPES OF BERRIES,0,BLUE
syn-8,2022-01-09,TYPES OF BERRIES,0,RASP
syn-8,2022-01-09,TYPES OF BERRIES,0,CRAN
syn-8,2022-01-09,THINGS THAT CAN BE CRUSHED,1,VELVET
syn-8,2022-01-09,THINGS THAT CAN BE CRUSHED,1,HOPES
syn-8,2022-01-09,THINGS THAT CAN BE CRUSHED,1,ICE
syn-8,2022-01-09,THINGS THAT CAN BE CRUSHED,1,DREAMS
syn-8,2022-01-09,WORDS HIDING A GEMSTONE,2,EMERALD
syn-8,2022-01-09,WORDS HIDING A GEMSTONE,2,DIAMOND
syn-8,2022-01-09,WORDS HIDING A GEMSTONE,2,AMETHYST
syn-8,2022-01-09,WORDS HIDING A GEMSTONE,2,SAPPHIRE
syn-8,2022-01-09,___ KINGDOM,3,ANIMAL
syn-8,2022-01-09,___ KINGDOM,3,PLANT
syn-8,2022-01-09,___ KINGDOM,3,FUNGI
syn-8,2022-01-09,___ KINGDOM,3,MONERA
syn-10,2022-01-11,TYPES OF HATS,0,BERET
syn-10,2022-01-11,TYPES OF HATS,0,FEDORA
syn-10,2022-01-11,TYPES OF HATS,0,BEANIE
syn-10,2022-01-11,TYPES OF HATS,0,BONNET
syn-10,2022-01-11,THINGS THAT CAN BE BROKEN,1,RECORD
syn-10,2022-01-11,THINGS THAT CAN BE BROKEN,1,SPELL
syn-10,2022-01-11,THINGS THAT CAN BE BROKEN,1,SILENCE
syn-10,2022-01-11,THINGS THAT CAN BE BROKEN,1,HABIT
syn-10,2022-01-11,OLYMPIC HOST CITIES,2,PARIS
syn-10,2022-01-11,OLYMPIC HOST CITIES,2,TOKYO
syn-10,2022-01-11,OLYMPIC HOST CITIES,2,SEOUL
syn-10,2022-01-11,OLYMPIC HOST CITIES,2,SYDNEY
syn-10,2022-01-11,WORDS THAT PRECEDE 'PALACE',3,CRYSTAL
syn-10,2022-01-11,WORDS THAT PRECEDE 'PALACE',3,BUCKINGHAM
syn-10,2022-01-11,WORDS THAT PRECEDE 'PALACE',3,WINTER
syn-10,2022-01-11,WORDS THAT PRECEDE 'PALACE',3,ICE
syn-11,2022-01-12,TYPES OF COFFEE,0,ESPRESSO
syn-11,2022-01-12,TYPES OF COFFEE,0,LATTE
syn-11,2022-01-12,TYPES OF COFFEE,0,AMERICANO
syn-11,2022-01-12,TYPES OF COFFEE,0,CAPPUCCINO
syn-11,2022-01-12,THINGS THAT ARE DRAWN,1,CURTAIN
syn-11,2022-01-12,THINGS THAT ARE DRAWN,1,CONCLUSION
syn-11,2022-01-12,THINGS THAT ARE DRAWN,1,BATH
syn-11,2022-01-12,THINGS THAT ARE DRAWN,1,REVOLVER
syn-11,2022-01-12,WORDS HIDING A SHADE,2,SCARLET
syn-11,2022-01-12,WORDS HIDING A SHADE,2,BLUEPRINT
syn-11,2022-01-12,WORDS HIDING A SHADE,2,GOLDFISH
syn-11,2022-01-12,WORDS HIDING A SHADE,2,INFRARED
syn-11,2022-01-12,_____ LION,3,COWARDLY
syn-11,2022-01-12,_____ LION,3,DANDELION
syn-11,2022-01-12,_____ LION,3,MOUNTAIN
syn-11,2022-01-12,_____ LION,3,SEA
syn-12,2022-01-13,COOKING METHODS,0,BAKE
syn-12,2022-01-13,COOKING METHODS,0,BROIL
syn-12,2022-01-13,COOKING METHODS,0,ROAST
syn-12,2022-01-13,COOKING METHODS,0,GRILL
syn-12,2022-01-13,FAMOUS MALE SINGERS NAMED BRUCE,1,SPRINGSTEEN
syn-12,2022-01-13,FAMOUS MALE SINGERS NAMED BRUCE,1,DICKINSON
syn-12,2022-01-13,FAMOUS MALE SINGERS NAMED BRUCE,1,WILLIS
syn-12,2022-01-13,FAMOUS MALE SINGERS NAMED BRUCE,1,HORNSBY
syn-12,2022-01-13,THINGS THAT COME AFTER 'BREAD',2,BOX
syn-12,2022-01-13,THINGS THAT COME AFTER 'BREAD',2,FRUIT
syn-12,2022-01-13,THINGS THAT COME AFTER 'BREAD',2,WINNER
syn-12,2022-01-13,THINGS THAT COME AFTER 'BREAD',2,STICK
syn-12,2022-01-13,WORDS HIDING A BREAKFAST FOOD,3,OATMEAL
syn-12,2022-01-13,WORDS HIDING A BREAKFAST FOOD,3,BAGGAGE
syn-12,2022-01-13,WORDS HIDING A BREAKFAST FOOD,3,EGGPLANT
syn-12,2022-01-13,WORDS HIDING A BREAKFAST FOOD,3,SCRAMBLE
syn-13,2022-01-14,THINGS YOU FLIP,0,PANCAKE
syn-13,2022-01-14,THINGS YOU FLIP,0,COIN
syn-13,2022-01-14,THINGS YOU FLIP,0,SWITCH
syn-13,2022-01-14,THINGS YOU FLIP,0,OMELET
syn-13,2022-01-14,TYPES OF KISSES,1,BUTTERFLY
syn-13,2022-01-14,TYPES OF KISSES,1,FRENCH
syn-13,2022-01-14,TYPES OF KISSES,1,ESKIMO
syn-13,2022-01-14,TYPES OF KISSES,1,AIR
syn-13,2022-01-14,CONTAIN AN ANIMAL,2,LEOPARD
syn-13,2022-01-14,CONTAIN AN ANIMAL,2,BEAGLE
syn-13,2022-01-14,CONTAIN AN ANIMAL,2,TURKEY
syn-13,2022-01-14,CONTAIN AN ANIMAL,2,BADGER
syn-13,2022-01-14,"PRECEDE ""HOUSE""",3,GREEN
syn-13,2022-01-14,"PRECEDE ""HOUSE""",3,FULL
syn-13,2022-01-14,"PRECEDE ""HOUSE""",3,ROAD
syn-13,2022-01-14,"PRECEDE ""HOUSE""",3,WARE
syn-14,2022-01-15,THINGS THAT ARE FLUFFY,0,CLOUD
syn-14,2022-01-15,THINGS THAT ARE FLUFFY,0,PILLOW
syn-14,2022-01-15,THINGS THAT ARE FLUFFY,0,MARSHMALLOW
syn-14,2022-01-15,THINGS THAT ARE FLUFFY,0,COTTON
syn-14,2022-01-15,WORDS THAT FOLLOW 'SPRING',1,BREAK
syn-14,2022-01-15,WORDS THAT FOLLOW 'SPRING',1,BOARD
syn-14,2022-01-15,WORDS THAT FOLLOW 'SPRING',1,CHICKEN
syn-14,2022-01-15,WORDS THAT FOLLOW 'SPRING',1,ROLL
syn-14,2022-01-15,THINGS THAT CAN BE SEALED,2,ENVELOPE
syn-14,2022-01-15,THINGS THAT CAN BE SEALED,2,DEAL
syn-14,2022-01-15,THINGS THAT CAN BE SEALED,2,LEAK
syn-14,2022-01-15,THINGS THAT CAN BE SEALED,2,TOMB
syn-14,2022-01-15,FAMOUS GEORGES,3,FOREMAN
syn-14,2022-01-15,FAMOUS GEORGES,3,HARRISON
syn-14,2022-01-15,FAMOUS GEORGES,3,WASHINGTON
syn-14,2022-01-15,FAMOUS GEORGES,3,CLOONEY
syn-15,2022-01-16,THINGS YOU KNEAD,0,DOUGH
syn-15,2022-01-16,THINGS YOU KNEAD,0,CLAY
syn-15,2022-01-16,THINGS YOU KNEAD,0,BREAD
syn-15,2022-01-16,THINGS YOU KNEAD,0,MUSCLE
syn-15,2022-01-16,TYPES OF BEARS,1,POLAR
syn-15,2022-01-16,TYPES OF BEARS,1,GRIZZLY
syn-15,2022-01-16,TYPES OF BEARS,1,PANDA
syn-15,2022-01-16,TYPES OF BEARS,1,TEDDY
syn-15,2022-01-16,HIDE A PLANT INSIDE,2,HEATHER
syn-15,2022-01-16,HIDE A PLANT INSIDE,2,BUTTERCUP
syn-15,2022-01-16,HIDE A PLANT INSIDE,2,PARSNIP
syn-15,2022-01-16,HIDE A PLANT INSIDE,2,SNAPDRAGON
syn-15,2022-01-16,___ LIGHT,3,TRAFFIC
syn-15,2022-01-16,___ LIGHT,3,GREEN
syn-15,2022-01-16,___ LIGHT,3,MOON
syn-15,2022-01-16,___ LIGHT,3,FLASH
syn-16,2022-01-17,TYPES OF BEANS,0,KIDNEY
syn-16,2022-01-17,TYPES OF BEANS,0,PINTO
syn-16,2022-01-17,TYPES OF BEANS,0,BLACK
syn-16,2022-01-17,TYPES OF BEANS,0,NAVY
syn-16,2022-01-17,THINGS THAT CAN BE COLD,1,SHOULDER
syn-16,2022-01-17,THINGS THAT CAN BE COLD,1,FEET
syn-16,2022-01-17,THINGS THAT CAN BE COLD,1,CASE
syn-16,2022-01-17,THINGS THAT CAN BE COLD,1,SNAP
syn-16,2022-01-17,"WORDS THAT FOLLOW ""GIVE""",2,CHASE
syn-16,2022-01-17,"WORDS THAT FOLLOW ""GIVE""",2,GROUND
syn-16,2022-01-17,"WORDS THAT FOLLOW ""GIVE""",2,NOTICE
syn-16,2022-01-17,"WORDS THAT FOLLOW ""GIVE""",2,WEIGHT
syn-16,2022-01-17,CELEBRITIES NAMED CHRIS,3,PINE
syn-16,2022-01-17,CELEBRITIES NAMED CHRIS,3,BROWN
syn-16,2022-01-17,CELEBRITIES NAMED CHRIS,3,PRATT
syn-16,2022-01-17,CELEBRITIES NAMED CHRIS,3,EVANS
syn-17,2022-01-18,THINGS YOU WEAR,0,SCARF
syn-17,2022-01-18,THINGS YOU WEAR,0,GLOVES
syn-17,2022-01-18,THINGS YOU WEAR,0,HAT
syn-17,2022-01-18,THINGS YOU WEAR,0,COAT
syn-17,2022-01-18,TYPES OF PASTA SHAPES,1,PENNE
syn-17,2022-01-18,TYPES OF PASTA SHAPES,1,FUSILLI
syn-17,2022-01-18,TYPES OF PASTA SHAPES,1,RIGATONI
syn-17,2022-01-18,TYPES OF PASTA SHAPES,1,FARFALLE
syn-17,2022-01-18,COUNTRIES THAT SHARE BORDERS WITH GERMANY,2,POLAND
syn-17,2022-01-18,COUNTRIES THAT SHARE BORDERS WITH GERMANY,2,FRANCE
syn-17,2022-01-18,COUNTRIES THAT SHARE BORDERS WITH GERMANY,2,DENMARK
syn-17,2022-01-18,COUNTRIES THAT SHARE BORDERS WITH GERMANY,2,AUSTRIA
syn-17,2022-01-18,WORDS ENDING IN NAMES FOR MALE ANIMALS,3,GODFATHER
syn-17,2022-01-18,WORDS ENDING IN NAMES FOR MALE ANIMALS,3,STAG
syn-17,2022-01-18,WORDS ENDING IN NAMES FOR MALE ANIMALS,3,COCKATOO
syn-17,2022-01-18,WORDS ENDING IN NAMES FOR MALE ANIMALS,3,TOMBOY
syn-18,2022-01-19,TYPES OF SEATS,0,THRONE
syn-18,2022-01-19,TYPES OF SEATS,0,BENCH
syn-18,2022-01-19,TYPES OF SEATS,0,STOOL
syn-18,2022-01-19,TYPES OF SEATS,0,ARMCHAIR
syn-18,2022-01-19,THINGS THAT CAN BE 'BROKEN',1,RECORD
syn-18,2022-01-19,THINGS THAT CAN BE 'BROKEN',1,HABIT
syn-18,2022-01-19,THINGS THAT CAN BE 'BROKEN',1,HEART
syn-18,2022-01-19,THINGS THAT CAN BE 'BROKEN',1,SILENCE
syn-18,2022-01-19,FAMOUS PEOPLE WITH LAST NAME 'STONE',2,EMMA
syn-18,2022-01-19,FAMOUS PEOPLE WITH LAST NAME 'STONE',2,OLIVER
syn-18,2022-01-19,FAMOUS PEOPLE WITH LAST NAME 'STONE',2,SHARON
syn-18,2022-01-19,FAMOUS PEOPLE WITH LAST NAME 'STONE',2,JOSS
syn-18,2022-01-19,WORDS THAT PRECEDE 'BOARD',3,CHESS
syn-18,2022-01-19,WORDS THAT PRECEDE 'BOARD',3,SURF
syn-18,2022-01-19,WORDS THAT PRECEDE 'BOARD',3,KEY
syn-18,2022-01-19,WORDS THAT PRECEDE 'BOARD',3,DASH
syn-19,2022-01-20,CITRUS FRUITS,0,LEMON
syn-19,2022-01-20,CITRUS FRUITS,0,LIME
syn-19,2022-01-20,CITRUS FRUITS,0,ORANGE
syn-19,2022-01-20,CITRUS FRUITS,0,GRAPEFRUIT
syn-19,2022-01-20,THINGS THAT COME IN PAIRS,1,SCISSORS
syn-19,2022-01-20,THINGS THAT COME IN PAIRS,1,GLOVES
syn-19,2022-01-20,THINGS THAT COME IN PAIRS,1,SOCKS
syn-19,2022-01-20,THINGS THAT COME IN PAIRS,1,CHOPSTICKS
syn-19,2022-01-20,WORDS HIDING A BIRD,2,PARTRIDGE
syn-19,2022-01-20,WORDS HIDING A BIRD,2,SPARKLING
syn-19,2022-01-20,WORDS HIDING A BIRD,2,SWALLOW
syn-19,2022-01-20,WORDS HIDING A BIRD,2,FINALIZE
syn-19,2022-01-20,FAMOUS COMEDIANS FIRST NAME JOHN,3,BELUSHI
syn-19,2022-01-20,FAMOUS COMEDIANS FIRST NAME JOHN,3,CLEESE
syn-19,2022-01-20,FAMOUS COMEDIANS FIRST NAME JOHN,3,CANDY
syn-19,2022-01-20,FAMOUS COMEDIANS FIRST NAME JOHN,3,MULANEY
syn-20,2022-01-21,SWIMMING STROKES,0,BUTTERFLY
syn-20,2022-01-21,SWIMMING STROKES,0,BACKSTROKE
syn-20,2022-01-21,SWIMMING STROKES,0,BREASTSTROKE
syn-20,2022-01-21,SWIMMING STROKES,0,FREESTYLE
syn-20,2022-01-21,THINGS THAT ARE LIQUID AT ROOM TEMPERATURE,1,MERCURY
syn-20,2022-01-21,THINGS THAT ARE LIQUID AT ROOM TEMPERATURE,1,BROMINE
syn-20,2022-01-21,THINGS THAT ARE LIQUID AT ROOM TEMPERATURE,1,WATER
syn-20,2022-01-21,THINGS THAT ARE LIQUID AT ROOM TEMPERATURE,1,GASOLINE
syn-20,2022-01-21,WORDS THAT FOLLOW 'RUBBER',2,BAND
syn-20,2022-01-21,WORDS THAT FOLLOW 'RUBBER',2,STAMP
syn-20,2022-01-21,WORDS THAT FOLLOW 'RUBBER',2,DUCKY
syn-20,2022-01-21,WORDS THAT FOLLOW 'RUBBER',2,MALLET
syn-20,2022-01-21,ANAGRAMS OF FAMOUS PHILOSOPHERS,3,RATIOS
syn-20,2022-01-21,ANAGRAMS OF FAMOUS PHILOSOPHERS,3,KANTEN
syn-20,2022-01-21,ANAGRAMS OF FAMOUS PHILOSOPHERS,3,NETSOC
syn-20,2022-01-21,ANAGRAMS OF FAMOUS PHILOSOPHERS,3,CALBUP
syn-21,2022-01-22,THINGS YOU PULL,0,TRIGGER
syn-21,2022-01-22,THINGS YOU PULL,0,LEVER
syn-21,2022-01-22,THINGS YOU PULL,0,ROPE
syn-21,2022-01-22,THINGS YOU PULL,0,CORD
syn-21,2022-01-22,TYPES OF PICKLES,1,DILL
syn-21,2022-01-22,TYPES OF PICKLES,1,BREAD AND BUTTER
syn-21,2022-01-22,TYPES OF PICKLES,1,HALF SOUR
syn-21,2022-01-22,TYPES OF PICKLES,1,KOSHER
syn-21,2022-01-22,THINGS THAT PRECEDE 'POCKET',2,BILLIARD
syn-21,2022-01-22,THINGS THAT PRECEDE 'POCKET',2,AIR
syn-21,2022-01-22,THINGS THAT PRECEDE 'POCKET',2,HIP
syn-21,2022-01-22,THINGS THAT PRECEDE 'POCKET',2,BREAST
syn-21,2022-01-22,CELEBRITIES NAMED DAVID,3,BOWIE
syn-21,2022-01-22,CELEBRITIES NAMED DAVID,3,LETTERMAN
syn-21,2022-01-22,CELEBRITIES NAMED DAVID,3,ATTENBOROUGH
syn-21,2022-01-22,CELEBRITIES NAMED DAVID,3,BLAINE
syn-22,2022-01-23,TYPES OF COOKIES,0,SNICKERDOODLE
syn-22,2022-01-23,TYPES OF COOKIES,0,OATMEAL
syn-22,2022-01-23,TYPES OF COOKIES,0,CHOCOLATE CHIP
syn-22,2022-01-23,TYPES OF COOKIES,0,SUGAR
syn-22,2022-01-23,THINGS THAT RUST,1,IRON
syn-22,2022-01-23,THINGS THAT RUST,1,NAIL
syn-22,2022-01-23,THINGS THAT RUST,1,GATE
syn-22,2022-01-23,THINGS THAT RUST,1,CHAIN
syn-22,2022-01-23,WORDS THAT FOLLOW 'SOCIAL',2,MEDIA
syn-22,2022-01-23,WORDS THAT FOLLOW 'SOCIAL',2,SECURITY
syn-22,2022-01-23,WORDS THAT FOLLOW 'SOCIAL',2,LADDER
syn-22,2022-01-23,WORDS THAT FOLLOW 'SOCIAL',2,NETWORK
syn-22,2022-01-23,JOHNS: FAMOUS PEOPLE NAMED JOHN,3,DEERE
syn-22,2022-01-23,JOHNS: FAMOUS PEOPLE NAMED JOHN,3,GRISHAM
syn-22,2022-01-23,JOHNS: FAMOUS PEOPLE NAMED JOHN,3,DENVER
syn-22,2022-01-23,JOHNS: FAMOUS PEOPLE NAMED JOHN,3,BELUSHI
syn-23,2022-01-24,THINGS YOU CAN BREAK,0,ICE
syn-23,2022-01-24,THINGS YOU CAN BREAK,0,SILENCE
syn-23,2022-01-24,THINGS YOU CAN BREAK,0,RECORD
syn-23,2022-01-24,THINGS YOU CAN BREAK,0,HABIT
syn-23,2022-01-24,COMMON SURNAMES THAT ARE ALSO PROFESSIONS,1,BAKER
syn-23,2022-01-24,COMMON SURNAMES THAT ARE ALSO PROFESSIONS,1,MILLER
syn-23,2022-01-24,COMMON SURNAMES THAT ARE ALSO PROFESSIONS,1,BUTCHER
syn-23,2022-01-24,COMMON SURNAMES THAT ARE ALSO PROFESSIONS,1,COOPER
syn-23,2022-01-24,WORDS THAT PRECEDE 'BALL' IN SPORTS,2,VOLLEY
syn-23,2022-01-24,WORDS THAT PRECEDE 'BALL' IN SPORTS,2,MEDICINE
syn-23,2022-01-24,WORDS THAT PRECEDE 'BALL' IN SPORTS,2,DODGE
syn-23,2022-01-24,WORDS THAT PRECEDE 'BALL' IN SPORTS,2,BEACH
syn-23,2022-01-24,WORDS THAT FOLLOW 'BRAIN',3,DEAD
syn-23,2022-01-24,WORDS THAT FOLLOW 'BRAIN',3,CHILD
syn-23,2022-01-24,WORDS THAT FOLLOW 'BRAIN',3,STEM
syn-23,2022-01-24,WORDS THAT FOLLOW 'BRAIN',3,FOG
syn-24,2022-01-25,THINGS THAT ARE BLUE,0,SKY
syn-24,2022-01-25,THINGS THAT ARE BLUE,0,OCEAN
syn-24,2022-01-25,THINGS THAT ARE BLUE,0,BLUEBERRY
syn-24,2022-01-25,THINGS THAT ARE BLUE,0,SAPPHIRE
syn-24,2022-01-25,WORDS THAT FOLLOW 'BLUE',1,COLLAR
syn-24,2022-01-25,WORDS THAT FOLLOW 'BLUE',1,CHIP
syn-24,2022-01-25,WORDS THAT FOLLOW 'BLUE',1,JAY
syn-24,2022-01-25,WORDS THAT FOLLOW 'BLUE',1,MOON
syn-24,2022-01-25,THINGS YOU CAN 'THROW' (IN SPORTS OR FIGURATIVELY),2,CURVEBALL
syn-24,2022-01-25,THINGS YOU CAN 'THROW' (IN SPORTS OR FIGURATIVELY),2,WRENCH
syn-24,2022-01-25,THINGS YOU CAN 'THROW' (IN SPORTS OR FIGURATIVELY),2,TOWEL
syn-24,2022-01-25,THINGS YOU CAN 'THROW' (IN SPORTS OR FIGURATIVELY),2,SHADE
syn-24,2022-01-25,___ SUIT (LEGAL TERM OR PLAYING CARD),3,LAW
syn-24,2022-01-25,___ SUIT (LEGAL TERM OR PLAYING CARD),3,HEART
syn-24,2022-01-25,___ SUIT (LEGAL TERM OR PLAYING CARD),3,CLUB
syn-24,2022-01-25,___ SUIT (LEGAL TERM OR PLAYING CARD),3,DIAMOND
syn-25,2022-01-26,THINGS THAT ARE FLAT,0,PANCAKE
syn-25,2022-01-26,THINGS THAT ARE FLAT,0,TIRE
syn-25,2022-01-26,THINGS THAT ARE FLAT,0,SODA
syn-25,2022-01-26,THINGS THAT ARE FLAT,0,AFFECT
syn-25,2022-01-26,THINGS YOU CAN BEAT,1,EGGS
syn-25,2022-01-26,THINGS YOU CAN BEAT,1,DRUMS
syn-25,2022-01-26,THINGS YOU CAN BEAT,1,ODDS
syn-25,2022-01-26,THINGS YOU CAN BEAT,1,DEAD HORSE
syn-25,2022-01-26,WORDS THAT FOLLOW 'TREE',2,HOUSE
syn-25,2022-01-26,WORDS THAT FOLLOW 'TREE',2,FROG
syn-25,2022-01-26,WORDS THAT FOLLOW 'TREE',2,HUGGER
syn-25,2022-01-26,WORDS THAT FOLLOW 'TREE',2,STUMP
syn-25,2022-01-26,FAMOUS ROBERTS SHARING A FIRST NAME,3,DOWNEY
syn-25,2022-01-26,FAMOUS ROBERTS SHARING A FIRST NAME,3,DUVALL
syn-25,2022-01-26,FAMOUS ROBERTS SHARING A FIRST NAME,3,PATTINSON
syn-25,2022-01-26,FAMOUS ROBERTS SHARING A FIRST NAME,3,DE NIRO
syn-26,2022-01-27,TOOLS FOR BUILDING/REPAIR,0,HAMMER
syn-26,2022-01-27,TOOLS FOR BUILDING/REPAIR,0,WRENCH
syn-26,2022-01-27,TOOLS FOR BUILDING/REPAIR,0,DRILL
syn-26,2022-01-27,TOOLS FOR BUILDING/REPAIR,0,SAW
syn-26,2022-01-27,FRUITS WITH PITS,1,PEACH
syn-26,2022-01-27,FRUITS WITH PITS,1,PLUM
syn-26,2022-01-27,FRUITS WITH PITS,1,CHERRY
syn-26,2022-01-27,FRUITS WITH PITS,1,APRICOT
syn-26,2022-01-27,THINGS THAT CAN PRECEDE 'WOOD',2,DOGWOOD
syn-26,2022-01-27,THINGS THAT CAN PRECEDE 'WOOD',2,HARDWOOD
syn-26,2022-01-27,THINGS THAT CAN PRECEDE 'WOOD',2,DRIFTWOOD
syn-26,2022-01-27,THINGS THAT CAN PRECEDE 'WOOD',2,DEADWOOD
syn-26,2022-01-27,WORDS HIDING A MEASUREMENT,3,HAMPER
syn-26,2022-01-27,WORDS HIDING A MEASUREMENT,3,WRENCHING
syn-26,2022-01-27,WORDS HIDING A MEASUREMENT,3,SAPPHIRE
syn-26,2022-01-27,WORDS HIDING A MEASUREMENT,3,DRILLING
syn-27,2022-01-28,THINGS THAT ARE SLICED,0,BREAD
syn-27,2022-01-28,THINGS THAT ARE SLICED,0,PIZZA
syn-27,2022-01-28,THINGS THAT ARE SLICED,0,CHEESE
syn-27,2022-01-28,THINGS THAT ARE SLICED,0,TOMATO
syn-27,2022-01-28,WORDS THAT FOLLOW 'STRAWBERRY',1,JAM
syn-27,2022-01-28,WORDS THAT FOLLOW 'STRAWBERRY',1,SHORTCAKE
syn-27,2022-01-28,WORDS THAT FOLLOW 'STRAWBERRY',1,FIELDS
syn-27,2022-01-28,WORDS THAT FOLLOW 'STRAWBERRY',1,BLONDE
syn-27,2022-01-28,COUNTRIES WITH DOUBLE LETTERS IN NAME,2,GREECE
syn-27,2022-01-28,COUNTRIES WITH DOUBLE LETTERS IN NAME,2,FINLAND
syn-27,2022-01-28,COUNTRIES WITH DOUBLE LETTERS IN NAME,2,BAHAMAS
syn-27,2022-01-28,COUNTRIES WITH DOUBLE LETTERS IN NAME,2,VENEZUELA
syn-27,2022-01-28,DRAG QUEENS KNOWN BY FIRST NAME ONLY,3,TAMMIE
syn-27,2022-01-28,DRAG QUEENS KNOWN BY FIRST NAME ONLY,3,ALASKA
syn-27,2022-01-28,DRAG QUEENS KNOWN BY FIRST NAME ONLY,3,DETOX
syn-27,2022-01-28,DRAG QUEENS KNOWN BY FIRST NAME ONLY,3,MANILA
syn-28,2022-01-01,THINGS THAT ARE BITTER,0,ALMOND
syn-28,2022-01-01,THINGS THAT ARE BITTER,0,MELON
syn-28,2022-01-01,THINGS THAT ARE BITTER,0,CHOCOLATE
syn-28,2022-01-01,THINGS THAT ARE BITTER,0,COFFEE
syn-28,2022-01-01,CHESS PIECES,1,KNIGHT
syn-28,2022-01-01,CHESS PIECES,1,BISHOP
syn-28,2022-01-01,CHESS PIECES,1,ROOK
syn-28,2022-01-01,CHESS PIECES,1,PAWN
syn-28,2022-01-01,WORDS THAT FOLLOW 'DARK',2,HORSE
syn-28,2022-01-01,WORDS THAT FOLLOW 'DARK',2,MATTER
syn-28,2022-01-01,WORDS THAT FOLLOW 'DARK',2,WEB
syn-28,2022-01-01,WORDS THAT FOLLOW 'DARK',2,AGES
syn-28,2022-01-01,ACTRESSES NAMED KATE,3,WINSLET
syn-28,2022-01-01,ACTRESSES NAMED KATE,3,HUDSON
syn-28,2022-01-01,ACTRESSES NAMED KATE,3,MOSS
syn-28,2022-01-01,ACTRESSES NAMED KATE,3,BLANCHETT
syn-30,2022-01-03,LARGE BODIES OF WATER,0,OCEAN
syn-30,2022-01-03,LARGE BODIES OF WATER,0,SEA
syn-30,2022-01-03,LARGE BODIES OF WATER,0,GULF
syn-30,2022-01-03,LARGE BODIES OF WATER,0,STRAIT
syn-30,2022-01-03,WORDS THAT FOLLOW 'SOUND',1,BARRIER
syn-30,2022-01-03,WORDS THAT FOLLOW 'SOUND',1,CHECK
syn-30,2022-01-03,WORDS THAT FOLLOW 'SOUND',1,BITE
syn-30,2022-01-03,WORDS THAT FOLLOW 'SOUND',1,BOARD
syn-30,2022-01-03,COFFEE SHOP ORDERS,2,LATTE
syn-30,2022-01-03,COFFEE SHOP ORDERS,2,MOCHA
syn-30,2022-01-03,COFFEE SHOP ORDERS,2,AMERICANO
syn-30,2022-01-03,COFFEE SHOP ORDERS,2,CORTADO
syn-30,2022-01-03,REMOVE 'S' FROM A WORD TO GET A WORD MEANING 'REMOVE',3,STRIP
syn-30,2022-01-03,REMOVE 'S' FROM A WORD TO GET A WORD MEANING 'REMOVE',3,SCRAPE
syn-30,2022-01-03,REMOVE 'S' FROM A WORD TO GET A WORD MEANING 'REMOVE',3,SCRATCH
syn-30,2022-01-03,REMOVE 'S' FROM A WORD TO GET A WORD MEANING 'REMOVE',3,SKIM
syn-31,2022-01-04,THINGS YOU WEAR ON YOUR FEET,0,BOOT
syn-31,2022-01-04,THINGS YOU WEAR ON YOUR FEET,0,SANDAL
syn-31,2022-01-04,THINGS YOU WEAR ON YOUR FEET,0,SLIPPER
syn-31,2022-01-04,THINGS YOU WEAR ON YOUR FEET,0,LOAFER
syn-31,2022-01-04,SYNONYMS FOR CHEAT,1,SWINDLE
syn-31,2022-01-04,SYNONYMS FOR CHEAT,1,DUPE
syn-31,2022-01-04,SYNONYMS FOR CHEAT,1,FLEECE
syn-31,2022-01-04,SYNONYMS FOR CHEAT,1,CON
syn-31,2022-01-04,CARD GAME TERMS,2,BLUFF
syn-31,2022-01-04,CARD GAME TERMS,2,ANTE
syn-31,2022-01-04,CARD GAME TERMS,2,TRUMP
syn-31,2022-01-04,CARD GAME TERMS,2,FOLD
syn-31,2022-01-04,"WORDS HIDING ""ART"" INSIDE",3,DEPART
syn-31,2022-01-04,"WORDS HIDING ""ART"" INSIDE",3,TARTAN
syn-31,2022-01-04,"WORDS HIDING ""ART"" INSIDE",3,SPARTAN
syn-31,2022-01-04,"WORDS HIDING ""ART"" INSIDE",3,CHARTER
syn-32,2022-01-05,TYPES OF SANDWICHES,0,CLUB
syn-32,2022-01-05,TYPES OF SANDWICHES,0,HERO
syn-32,2022-01-05,TYPES OF SANDWICHES,0,PANINI
syn-32,2022-01-05,TYPES OF SANDWICHES,0,WRAP
syn-32,2022-01-05,"THINGS THAT CAN BE ""FRENCH""",1,TOAST
syn-32,2022-01-05,"THINGS THAT CAN BE ""FRENCH""",1,KISS
syn-32,2022-01-05,"THINGS THAT CAN BE ""FRENCH""",1,HORN
syn-32,2022-01-05,"THINGS THAT CAN BE ""FRENCH""",1,FRIES
syn-32,2022-01-05,WORDS HIDING A BODY OF WATER INSIDE,2,SEASHORE
syn-32,2022-01-05,WORDS HIDING A BODY OF WATER INSIDE,2,RIOTER
syn-32,2022-01-05,WORDS HIDING A BODY OF WATER INSIDE,2,BAYONET
syn-32,2022-01-05,WORDS HIDING A BODY OF WATER INSIDE,2,LAGOON
syn-32,2022-01-05,"THINGS THAT FOLLOW ""SALT"" IN TITLES",3,BAKED
syn-32,2022-01-05,"THINGS THAT FOLLOW ""SALT"" IN TITLES",3,LIFE
syn-32,2022-01-05,"THINGS THAT FOLLOW ""SALT"" IN TITLES",3,LAKE
syn-32,2022-01-05,"THINGS THAT FOLLOW ""SALT"" IN TITLES",3,PETER
syn-33,2022-01-06,BREAKFAST ITEMS,0,BACON
syn-33,2022-01-06,BREAKFAST ITEMS,0,TOAST
syn-33,2022-01-06,BREAKFAST ITEMS,0,EGGS
syn-33,2022-01-06,BREAKFAST ITEMS,0,PANCAKES
syn-33,2022-01-06,SYNONYMS FOR TIRED,1,BEAT
syn-33,2022-01-06,SYNONYMS FOR TIRED,1,WIPED
syn-33,2022-01-06,SYNONYMS FOR TIRED,1,DRAINED
syn-33,2022-01-06,SYNONYMS FOR TIRED,1,SPENT
syn-33,2022-01-06,THINGS THAT CAN FOLLOW 'COLD',2,SNAP
syn-33,2022-01-06,THINGS THAT CAN FOLLOW 'COLD',2,SHOULDER
syn-33,2022-01-06,THINGS THAT CAN FOLLOW 'COLD',2,BREW
syn-33,2022-01-06,THINGS THAT CAN FOLLOW 'COLD',2,CASE
syn-33,2022-01-06,LAST NAMES PRECEDED BY 'DANNY',3,OCEAN
syn-33,2022-01-06,LAST NAMES PRECEDED BY 'DANNY',3,DEVITO
syn-33,2022-01-06,LAST NAMES PRECEDED BY 'DANNY',3,PHANTOM
syn-33,2022-01-06,LAST NAMES PRECEDED BY 'DANNY',3,GLOVER
syn-34,2022-01-07,PIECES OF MAIL,0,LETTER
syn-34,2022-01-07,PIECES OF MAIL,0,POSTCARD
syn-34,2022-01-07,PIECES OF MAIL,0,PACKAGE
syn-34,2022-01-07,PIECES OF MAIL,0,BILL
syn-34,2022-01-07,THINGS THAT BOUNCE,1,BALL
syn-34,2022-01-07,THINGS THAT BOUNCE,1,TRAMPOLINE
syn-34,2022-01-07,THINGS THAT BOUNCE,1,SPRING
syn-34,2022-01-07,THINGS THAT BOUNCE,1,CHECK
syn-34,2022-01-07,PRECEDE 'COAT',2,RAIN
syn-34,2022-01-07,PRECEDE 'COAT',2,PETTY
syn-34,2022-01-07,PRECEDE 'COAT',2,GREAT
syn-34,2022-01-07,PRECEDE 'COAT',2,WAIST
syn-34,2022-01-07,FOLLOW 'BEAT',3,GENERATION
syn-34,2022-01-07,FOLLOW 'BEAT',3,POET
syn-34,2022-01-07,FOLLOW 'BEAT',3,AROUND
syn-34,2022-01-07,FOLLOW 'BEAT',3,DEAD
syn-35,2022-01-08,COOKING UTENSILS,0,WHISK
syn-35,2022-01-08,COOKING UTENSILS,0,SPATULA
syn-35,2022-01-08,COOKING UTENSILS,0,TONGS
syn-35,2022-01-08,COOKING UTENSILS,0,LADLE
syn-35,2022-01-08,THINGS THAT ARE BEATEN,1,DRUMS
syn-35,2022-01-08,THINGS THAT ARE BEATEN,1,EGGS
syn-35,2022-01-08,THINGS THAT ARE BEATEN,1,CARPET
syn-35,2022-01-08,THINGS THAT ARE BEATEN,1,DEAD HORSE
syn-35,2022-01-08,WORDS THAT FOLLOW 'FRENCH',2,TOAST
syn-35,2022-01-08,WORDS THAT FOLLOW 'FRENCH',2,HORN
syn-35,2022-01-08,WORDS THAT FOLLOW 'FRENCH',2,KISS
syn-35,2022-01-08,WORDS THAT FOLLOW 'FRENCH',2,BULLDOG
syn-35,2022-01-08,STEPHENS/STEVENS (FIRST NAME SHARED BY CELEBRITIES),3,SPIELBERG
syn-35,2022-01-08,STEPHENS/STEVENS (FIRST NAME SHARED BY CELEBRITIES),3,COLBERT
syn-35,2022-01-08,STEPHENS/STEVENS (FIRST NAME SHARED BY CELEBRITIES),3,TYLER
syn-35,2022-01-08,STEPHENS/STEVENS (FIRST NAME SHARED BY CELEBRITIES),3,SODERBERGH
syn-36,2022-01-09,SYNONYMS FOR THIN,0,GAUNT
syn-36,2022-01-09,SYNONYMS FOR THIN,0,LEAN
syn-36,2022-01-09,SYNONYMS FOR THIN,0,SKINNY
syn-36,2022-01-09,SYNONYMS FOR THIN,0,SCRAWNY
syn-36,2022-01-09,THINGS YOU CAN DO TO A HORSE,1,BRIDLE
syn-36,2022-01-09,THINGS YOU CAN DO TO A HORSE,1,SADDLE
syn-36,2022-01-09,THINGS YOU CAN DO TO A HORSE,1,HALTER
syn-36,2022-01-09,THINGS YOU CAN DO TO A HORSE,1,MOUNT
syn-36,2022-01-09,COCKTAIL NAMES CONTAINING COLORS,2,BLUE LAGOON
syn-36,2022-01-09,COCKTAIL NAMES CONTAINING COLORS,2,RED SNAPPER
syn-36,2022-01-09,COCKTAIL NAMES CONTAINING COLORS,2,PINK LADY
syn-36,2022-01-09,COCKTAIL NAMES CONTAINING COLORS,2,GREEN DRAGON
syn-36,2022-01-09,FOLLOWED BY 'COAT' FOR A TYPE OF OUTERWEAR,3,RAIN
syn-36,2022-01-09,FOLLOWED BY 'COAT' FOR A TYPE OF OUTERWEAR,3,OVER
syn-36,2022-01-09,FOLLOWED BY 'COAT' FOR A TYPE OF OUTERWEAR,3,DRESS
syn-36,2022-01-09,FOLLOWED BY 'COAT' FOR A TYPE OF OUTERWEAR,3,PEA
syn-37,2022-01-10,FROZEN DESSERTS,0,GELATO
syn-37,2022-01-10,FROZEN DESSERTS,0,SORBET
syn-37,2022-01-10,FROZEN DESSERTS,0,POPSICLE
syn-37,2022-01-10,FROZEN DESSERTS,0,FROZEN YOGURT
syn-37,2022-01-10,THINGS THAT CAN BE CRACKED,1,CODE
syn-37,2022-01-10,THINGS THAT CAN BE CRACKED,1,CASE
syn-37,2022-01-10,THINGS THAT CAN BE CRACKED,1,JOKE
syn-37,2022-01-10,THINGS THAT CAN BE CRACKED,1,SAFE
syn-37,2022-01-10,WORDS THAT FOLLOW 'DEEP',2,END
syn-37,2022-01-10,WORDS THAT FOLLOW 'DEEP',2,DIVE
syn-37,2022-01-10,WORDS THAT FOLLOW 'DEEP',2,POCKET
syn-37,2022-01-10,WORDS THAT FOLLOW 'DEEP',2,BREATH
syn-37,2022-01-10,CELEBRITIES NAMED RYAN,3,GOSLING
syn-37,2022-01-10,CELEBRITIES NAMED RYAN,3,REYNOLDS
syn-37,2022-01-10,CELEBRITIES NAMED RYAN,3,PHILLIPE
syn-37,2022-01-10,CELEBRITIES NAMED RYAN,3,SEACREST
syn-38,2022-01-11,THINGS THAT ARE SOUR,0,LEMON
syn-38,2022-01-11,THINGS THAT ARE SOUR,0,VINEGAR
syn-38,2022-01-11,THINGS THAT ARE SOUR,0,YOGURT
syn-38,2022-01-11,THINGS THAT ARE SOUR,0,PICKLE
syn-38,2022-01-11,SYNONYMS FOR STEAL,1,NICKED
syn-38,2022-01-11,SYNONYMS FOR STEAL,1,SWIPED
syn-38,2022-01-11,SYNONYMS FOR STEAL,1,FILCHED
syn-38,2022-01-11,SYNONYMS FOR STEAL,1,PINCHED
syn-38,2022-01-11,GAME SHOWS WITH MONETARY PRIZES,2,JEOPARDY
syn-38,2022-01-11,GAME SHOWS WITH MONETARY PRIZES,2,WHEEL
syn-38,2022-01-11,GAME SHOWS WITH MONETARY PRIZES,2,PRICE
syn-38,2022-01-11,GAME SHOWS WITH MONETARY PRIZES,2,FEUD
syn-38,2022-01-11,WORDS THAT PRECEDE 'AWAY',3,GIVE
syn-38,2022-01-11,WORDS THAT PRECEDE 'AWAY',3,PASS
syn-38,2022-01-11,WORDS THAT PRECEDE 'AWAY',3,SQUIRREL
syn-38,2022-01-11,WORDS THAT PRECEDE 'AWAY',3,STASH
syn-39,2022-01-12,SYNONYMS FOR SHABBY,0,TATTY
syn-39,2022-01-12,SYNONYMS FOR SHABBY,0,WORN
syn-39,2022-01-12,SYNONYMS FOR SHABBY,0,DINGY
syn-39,2022-01-12,SYNONYMS FOR SHABBY,0,TATTERED
syn-39,2022-01-12,THINGS THAT COME IN PODS,1,COCOA
syn-39,2022-01-12,THINGS THAT COME IN PODS,1,VANILLA
syn-39,2022-01-12,THINGS THAT COME IN PODS,1,PEAS
syn-39,2022-01-12,THINGS THAT COME IN PODS,1,COFFEE
syn-39,2022-01-12,JOBS WITH DOUBLE LETTERS (CONSECUTIVE),2,POTTER
syn-39,2022-01-12,JOBS WITH DOUBLE LETTERS (CONSECUTIVE),2,MILLER
syn-39,2022-01-12,JOBS WITH DOUBLE LETTERS (CONSECUTIVE),2,BUTLER
syn-39,2022-01-12,JOBS WITH DOUBLE LETTERS (CONSECUTIVE),2,SETTER
syn-39,2022-01-12,WORDS THAT FOLLOW 'SLEEPING',3,BAG
syn-39,2022-01-12,WORDS THAT FOLLOW 'SLEEPING',3,GIANT
syn-39,2022-01-12,WORDS THAT FOLLOW 'SLEEPING',3,BEAUTY
syn-39,2022-01-12,WORDS THAT FOLLOW 'SLEEPING',3,CAR
syn-40,2022-01-13,LARGE CATS,0,LION
syn-40,2022-01-13,LARGE CATS,0,TIGER
syn-40,2022-01-13,LARGE CATS,0,LEOPARD
syn-40,2022-01-13,LARGE CATS,0,COUGAR
syn-40,2022-01-13,THINGS THAT ARE SERVED HOT,1,TEA
syn-40,2022-01-13,THINGS THAT ARE SERVED HOT,1,SOUP
syn-40,2022-01-13,THINGS THAT ARE SERVED HOT,1,COFFEE
syn-40,2022-01-13,THINGS THAT ARE SERVED HOT,1,STEW
syn-40,2022-01-13,___ VEGAS,2,LAS
syn-40,2022-01-13,___ VEGAS,2,OLD
syn-40,2022-01-13,___ VEGAS,2,WEST
syn-40,2022-01-13,___ VEGAS,2,FORT
syn-40,2022-01-13,CELEBRITIES NAMED KEVIN,3,HART
syn-40,2022-01-13,CELEBRITIES NAMED KEVIN,3,BACON
syn-40,2022-01-13,CELEBRITIES NAMED KEVIN,3,SPACEY
syn-40,2022-01-13,CELEBRITIES NAMED KEVIN,3,JAMES
syn-41,2022-01-14,PARTS OF A FLOWER,0,PETAL
syn-41,2022-01-14,PARTS OF A FLOWER,0,STEM
syn-41,2022-01-14,PARTS OF A FLOWER,0,SEPAL
syn-41,2022-01-14,PARTS OF A FLOWER,0,STAMEN
syn-41,2022-01-14,THINGS THAT ARE CRISPY,1,BACON
syn-41,2022-01-14,THINGS THAT ARE CRISPY,1,CHIP
syn-41,2022-01-14,THINGS THAT ARE CRISPY,1,CRACKER
syn-41,2022-01-14,THINGS THAT ARE CRISPY,1,FRIES
syn-41,2022-01-14,PRECEDES 'TREE',2,PALM
syn-41,2022-01-14,PRECEDES 'TREE',2,PINE
syn-41,2022-01-14,PRECEDES 'TREE',2,FAMILY
syn-41,2022-01-14,PRECEDES 'TREE',2,MONEY
syn-41,2022-01-14,FAMOUS ANDREWS,3,LLOYD
syn-41,2022-01-14,FAMOUS ANDREWS,3,DICE
syn-41,2022-01-14,FAMOUS ANDREWS,3,GARFIELD
syn-41,2022-01-14,FAMOUS ANDREWS,3,WYETH
syn-42,2022-01-15,THINGS THAT ARE ROUND,0,COIN
syn-42,2022-01-15,THINGS THAT ARE ROUND,0,PLATE
syn-42,2022-01-15,THINGS THAT ARE ROUND,0,WHEEL
syn-42,2022-01-15,THINGS THAT ARE ROUND,0,DONUT
syn-42,2022-01-15,THINGS THAT FOLLOW 'PAPER',1,TIGER
syn-42,2022-01-15,THINGS THAT FOLLOW 'PAPER',1,TRAIL
syn-42,2022-01-15,THINGS THAT FOLLOW 'PAPER',1,ROUTE
syn-42,2022-01-15,THINGS THAT FOLLOW 'PAPER',1,BACK
syn-42,2022-01-15,BODY PARTS THAT CAN BE BROKEN,2,ARM
syn-42,2022-01-15,BODY PARTS THAT CAN BE BROKEN,2,LEG
syn-42,2022-01-15,BODY PARTS THAT CAN BE BROKEN,2,RIB
syn-42,2022-01-15,BODY PARTS THAT CAN BE BROKEN,2,NOSE
syn-42,2022-01-15,LAST NAMES THAT ARE ALSO UNIT MEASUREMENTS,3,POUND
syn-42,2022-01-15,LAST NAMES THAT ARE ALSO UNIT MEASUREMENTS,3,STONE
syn-42,2022-01-15,LAST NAMES THAT ARE ALSO UNIT MEASUREMENTS,3,INCH
syn-42,2022-01-15,LAST NAMES THAT ARE ALSO UNIT MEASUREMENTS,3,WATT
syn-43,2022-01-16,KITCHEN APPLIANCES,0,BLENDER
syn-43,2022-01-16,KITCHEN APPLIANCES,0,TOASTER
syn-43,2022-01-16,KITCHEN APPLIANCES,0,MICROWAVE
syn-43,2022-01-16,KITCHEN APPLIANCES,0,DISHWASHER
syn-43,2022-01-16,THINGS THAT ARE SWEET,1,CANDY
syn-43,2022-01-16,THINGS THAT ARE SWEET,1,HONEY
syn-43,2022-01-16,THINGS THAT ARE SWEET,1,SYRUP
syn-43,2022-01-16,THINGS THAT ARE SWEET,1,NECTAR
syn-43,2022-01-16,WORDS THAT FOLLOW 'CHOCOLATE',2,CHIP
syn-43,2022-01-16,WORDS THAT FOLLOW 'CHOCOLATE',2,BAR
syn-43,2022-01-16,WORDS THAT FOLLOW 'CHOCOLATE',2,MOUSSE
syn-43,2022-01-16,WORDS THAT FOLLOW 'CHOCOLATE',2,COVERED
syn-43,2022-01-16,STARTS OF FRUIT NAMES,3,STRAW
syn-43,2022-01-16,STARTS OF FRUIT NAMES,3,BLUE
syn-43,2022-01-16,STARTS OF FRUIT NAMES,3,RASP
syn-43,2022-01-16,STARTS OF FRUIT NAMES,3,BLACK
syn-44,2022-01-17,TYPES OF CHOCOLATE,0,DARK
syn-44,2022-01-17,TYPES OF CHOCOLATE,0,MILK
syn-44,2022-01-17,TYPES OF CHOCOLATE,0,WHITE
syn-44,2022-01-17,TYPES OF CHOCOLATE,0,COCOA
syn-44,2022-01-17,THINGS THAT SQUEAK,1,DOOR
syn-44,2022-01-17,THINGS THAT SQUEAK,1,MOUSE
syn-44,2022-01-17,THINGS THAT SQUEAK,1,WHEEL
syn-44,2022-01-17,THINGS THAT SQUEAK,1,FLOOR
syn-44,2022-01-17,WORDS THAT FOLLOW 'SALT',2,WATER
syn-44,2022-01-17,WORDS THAT FOLLOW 'SALT',2,SHAKER
syn-44,2022-01-17,WORDS THAT FOLLOW 'SALT',2,PETER
syn-44,2022-01-17,WORDS THAT FOLLOW 'SALT',2,LICK
syn-44,2022-01-17,MARILYN ___,3,MONROE
syn-44,2022-01-17,MARILYN ___,3,MANSON
syn-44,2022-01-17,MARILYN ___,3,CHAMBERS
syn-44,2022-01-17,MARILYN ___,3,FRENCH
syn-45,2022-01-18,THINGS YOU STIR,0,COFFEE
syn-45,2022-01-18,THINGS YOU STIR,0,SOUP
syn-45,2022-01-18,THINGS YOU STIR,0,PAINT
syn-45,2022-01-18,THINGS YOU STIR,0,TROUBLE
syn-45,2022-01-18,VARIETIES OF LETTUCE,1,ROMAINE
syn-45,2022-01-18,VARIETIES OF LETTUCE,1,ICEBERG
syn-45,2022-01-18,VARIETIES OF LETTUCE,1,BUTTER
syn-45,2022-01-18,VARIETIES OF LETTUCE,1,LOOSE LEAF
syn-45,2022-01-18,MICHAEL ___ (FAMOUS PEOPLE),2,JORDAN
syn-45,2022-01-18,MICHAEL ___ (FAMOUS PEOPLE),2,JACKSON
syn-45,2022-01-18,MICHAEL ___ (FAMOUS PEOPLE),2,PHELPS
syn-45,2022-01-18,MICHAEL ___ (FAMOUS PEOPLE),2,SCOTT
syn-45,2022-01-18,ADD A LETTER TO GET AN ANIMAL,3,BEAR
syn-45,2022-01-18,ADD A LETTER TO GET AN ANIMAL,3,FINCH
syn-45,2022-01-18,ADD A LETTER TO GET AN ANIMAL,3,MOOSE
syn-45,2022-01-18,ADD A LETTER TO GET AN ANIMAL,3,SNAFU
syn-46,2022-01-19,THINGS THAT ARE STACKED,0,PANCAKES
syn-46,2022-01-19,THINGS THAT ARE STACKED,0,BLOCKS
syn-46,2022-01-19,THINGS THAT ARE STACKED,0,CARDS
syn-46,2022-01-19,THINGS THAT ARE STACKED,0,CHIPS
syn-46,2022-01-19,THINGS THAT CAN FOLLOW 'WILD',1,CARD
syn-46,2022-01-19,THINGS THAT CAN FOLLOW 'WILD',1,GOOSE
syn-46,2022-01-19,THINGS THAT CAN FOLLOW 'WILD',1,WEST
syn-46,2022-01-19,THINGS THAT CAN FOLLOW 'WILD',1,BERRY
syn-46,2022-01-19,THINGS YOU MIGHT FIND IN A KITCHEN DRAWER,2,WHISK
syn-46,2022-01-19,THINGS YOU MIGHT FIND IN A KITCHEN DRAWER,2,SPATULA
syn-46,2022-01-19,THINGS YOU MIGHT FIND IN A KITCHEN DRAWER,2,TONGS
syn-46,2022-01-19,THINGS YOU MIGHT FIND IN A KITCHEN DRAWER,2,PEELER
syn-46,2022-01-19,BEATLES SONGS MINUS FIRST WORD,3,DAY
syn-46,2022-01-19,BEATLES SONGS MINUS FIRST WORD,3,BACK
syn-46,2022-01-19,BEATLES SONGS MINUS FIRST WORD,3,YELLOW
syn-46,2022-01-19,BEATLES SONGS MINUS FIRST WORD,3,HELP
syn-48,2022-01-21,TYPES OF DESSERTS,0,CAKE
syn-48,2022-01-21,TYPES OF DESSERTS,0,BROWNIE
syn-48,2022-01-21,TYPES OF DESSERTS,0,TART
syn-48,2022-01-21,TYPES OF DESSERTS,0,MOUSSE
syn-48,2022-01-21,THINGS THAT CAN BE 'GRAND',1,PIANO
syn-48,2022-01-21,THINGS THAT CAN BE 'GRAND',1,SLAM
syn-48,2022-01-21,THINGS THAT CAN BE 'GRAND',1,JURY
syn-48,2022-01-21,THINGS THAT CAN BE 'GRAND',1,HOTEL
syn-48,2022-01-21,PRESIDENTS' MIDDLE NAMES,2,HUSSEIN
syn-48,2022-01-21,PRESIDENTS' MIDDLE NAMES,2,JEFFERSON
syn-48,2022-01-21,PRESIDENTS' MIDDLE NAMES,2,FITZGERALD
syn-48,2022-01-21,PRESIDENTS' MIDDLE NAMES,2,DAVID
syn-48,2022-01-21,BREAKFAST ___ (FOODS/ITEMS),3,NOOK
syn-48,2022-01-21,BREAKFAST ___ (FOODS/ITEMS),3,SAUSAGE
syn-48,2022-01-21,BREAKFAST ___ (FOODS/ITEMS),3,CEREAL
syn-48,2022-01-21,BREAKFAST ___ (FOODS/ITEMS),3,BURRITO
syn-49,2022-01-22,THINGS YOU SPREAD,0,BUTTER
syn-49,2022-01-22,THINGS YOU SPREAD,0,JAM
syn-49,2022-01-22,THINGS YOU SPREAD,0,FROSTING
syn-49,2022-01-22,THINGS YOU SPREAD,0,PEANUT BUTTER
syn-49,2022-01-22,FAMOUS PAIRS SHARING A FIRST NAME,1,PARKER
syn-49,2022-01-22,FAMOUS PAIRS SHARING A FIRST NAME,1,WILLIAMS
syn-49,2022-01-22,FAMOUS PAIRS SHARING A FIRST NAME,1,JACKSON
syn-49,2022-01-22,FAMOUS PAIRS SHARING A FIRST NAME,1,LENNON
syn-49,2022-01-22,PRECEDES 'HOUSE',2,LIGHT
syn-49,2022-01-22,PRECEDES 'HOUSE',2,TREE
syn-49,2022-01-22,PRECEDES 'HOUSE',2,FULL
syn-49,2022-01-22,PRECEDES 'HOUSE',2,OPERA
syn-49,2022-01-22,CONTAINS A PLANT,3,ROSEMARY
syn-49,2022-01-22,CONTAINS A PLANT,3,BASIL
syn-49,2022-01-22,CONTAINS A PLANT,3,TURNIP
syn-49,2022-01-22,CONTAINS A PLANT,3,THYME
syn-50,2022-01-23,UNITS OF TIME,0,SECOND
syn-50,2022-01-23,UNITS OF TIME,0,MINUTE
syn-50,2022-01-23,UNITS OF TIME,0,HOUR
syn-50,2022-01-23,UNITS OF TIME,0,WEEK
syn-50,2022-01-23,THINGS THAT CAN BE FLAT,1,TIRE
syn-50,2022-01-23,THINGS THAT CAN BE FLAT,1,AFFECT
syn-50,2022-01-23,THINGS THAT CAN BE FLAT,1,NOTE
syn-50,2022-01-23,THINGS THAT CAN BE FLAT,1,RATE
syn-50,2022-01-23,WORDS THAT FOLLOW 'APPLE',2,SAUCE
syn-50,2022-01-23,WORDS THAT FOLLOW 'APPLE',2,PIE
syn-50,2022-01-23,WORDS THAT FOLLOW 'APPLE',2,JACK
syn-50,2022-01-23,WORDS THAT FOLLOW 'APPLE',2,CIDER
syn-50,2022-01-23,LAST NAMES OF FAMOUS STEPHENS/STEPHANES,3,COLBERT
syn-50,2022-01-23,LAST NAMES OF FAMOUS STEPHENS/STEPHANES,3,KING
syn-50,2022-01-23,LAST NAMES OF FAMOUS STEPHENS/STEPHANES,3,SPIELBERG
syn-50,2022-01-23,LAST NAMES OF FAMOUS STEPHENS/STEPHANES,3,CURRY
syn-51,2022-01-24,INGREDIENTS IN CAESAR SALAD,0,CROUTONS
syn-51,2022-01-24,INGREDIENTS IN CAESAR SALAD,0,PARMESAN
syn-51,2022-01-24,INGREDIENTS IN CAESAR SALAD,0,LETTUCE
syn-51,2022-01-24,INGREDIENTS IN CAESAR SALAD,0,ANCHOVIES
syn-51,2022-01-24,THINGS THAT CAN BE SALTY,1,TEARS
syn-51,2022-01-24,THINGS THAT CAN BE SALTY,1,PRETZEL
syn-51,2022-01-24,THINGS THAT CAN BE SALTY,1,BACON
syn-51,2022-01-24,THINGS THAT CAN BE SALTY,1,OCEAN
syn-51,2022-01-24,WORDS THAT FOLLOW 'SALAD',2,DAYS
syn-51,2022-01-24,WORDS THAT FOLLOW 'SALAD',2,FORK
syn-51,2022-01-24,WORDS THAT FOLLOW 'SALAD',2,BOWL
syn-51,2022-01-24,WORDS THAT FOLLOW 'SALAD',2,DRESSING
syn-51,2022-01-24,CHARACTERS FROM 'RENT' (JONATHAN LARSON MUSICAL),3,MIMI
syn-51,2022-01-24,CHARACTERS FROM 'RENT' (JONATHAN LARSON MUSICAL),3,ROGER
syn-51,2022-01-24,CHARACTERS FROM 'RENT' (JONATHAN LARSON MUSICAL),3,COLLINS
syn-51,2022-01-24,CHARACTERS FROM 'RENT' (JONATHAN LARSON MUSICAL),3,ANGEL
syn-52,2022-01-25,TYPES OF FABRIC,0,SILK
syn-52,2022-01-25,TYPES OF FABRIC,0,COTTON
syn-52,2022-01-25,TYPES OF FABRIC,0,LINEN
syn-52,2022-01-25,TYPES OF FABRIC,0,WOOL
syn-52,2022-01-25,"THINGS THAT CAN BE ""BITTER""",1,ALMOND
syn-52,2022-01-25,"THINGS THAT CAN BE ""BITTER""",1,MELON
syn-52,2022-01-25,"THINGS THAT CAN BE ""BITTER""",1,CHOCOLATE
syn-52,2022-01-25,"THINGS THAT CAN BE ""BITTER""",1,ORANGE
syn-52,2022-01-25,"WORDS THAT FOLLOW ""HALF""",2,PIPE
syn-52,2022-01-25,"WORDS THAT FOLLOW ""HALF""",2,SISTER
syn-52,2022-01-25,"WORDS THAT FOLLOW ""HALF""",2,COURT
syn-52,2022-01-25,"WORDS THAT FOLLOW ""HALF""",2,PENNY
syn-52,2022-01-25,"LAST NAMES SHARING FIRST NAME ""RICHARD""",3,PRYOR
syn-52,2022-01-25,"LAST NAMES SHARING FIRST NAME ""RICHARD""",3,GERE
syn-52,2022-01-25,"LAST NAMES SHARING FIRST NAME ""RICHARD""",3,SIMMONS
syn-52,2022-01-25,"LAST NAMES SHARING FIRST NAME ""RICHARD""",3,BRANSON
syn-53,2022-01-26,TYPES OF CAKE,0,CARROT
syn-53,2022-01-26,TYPES OF CAKE,0,POUND
syn-53,2022-01-26,TYPES OF CAKE,0,LAYER
syn-53,2022-01-26,TYPES OF CAKE,0,ANGEL
syn-53,2022-01-26,THINGS THAT ARE DIVIDED INTO ACTS,1,PLAY
syn-53,2022-01-26,THINGS THAT ARE DIVIDED INTO ACTS,1,OPERA
syn-53,2022-01-26,THINGS THAT ARE DIVIDED INTO ACTS,1,CIRCUS
syn-53,2022-01-26,THINGS THAT ARE DIVIDED INTO ACTS,1,BALLET
syn-53,2022-01-26,BAND FRONTED BY A CHRIS,2,COLDPLAY
syn-53,2022-01-26,BAND FRONTED BY A CHRIS,2,RADIOHEAD
syn-53,2022-01-26,BAND FRONTED BY A CHRIS,2,GORILLAZ
syn-53,2022-01-26,BAND FRONTED BY A CHRIS,2,IMAGINE DRAGONS
syn-53,2022-01-26,ADD 'E' TO GET A WORD FOR A BUILDING,3,CASTR
syn-53,2022-01-26,ADD 'E' TO GET A WORD FOR A BUILDING,3,MISSAL
syn-53,2022-01-26,ADD 'E' TO GET A WORD FOR A BUILDING,3,PALAC
syn-53,2022-01-26,ADD 'E' TO GET A WORD FOR A BUILDING,3,COTTAG
syn-54,2022-01-27,THINGS YOU CAN THROW,0,TANTRUM
syn-54,2022-01-27,THINGS YOU CAN THROW,0,PARTY
syn-54,2022-01-27,THINGS YOU CAN THROW,0,PUNCH
syn-54,2022-01-27,THINGS YOU CAN THROW,0,DART
syn-54,2022-01-27,WORDS THAT FOLLOW 'DOUBLE',1,AGENT
syn-54,2022-01-27,WORDS THAT FOLLOW 'DOUBLE',1,STANDARD
syn-54,2022-01-27,WORDS THAT FOLLOW 'DOUBLE',1,TAKE
syn-54,2022-01-27,WORDS THAT FOLLOW 'DOUBLE',1,CROSS
syn-54,2022-01-27,FAMOUS JOHNS,2,LEGEND
syn-54,2022-01-27,FAMOUS JOHNS,2,DEACON
syn-54,2022-01-27,FAMOUS JOHNS,2,LEGUIZAMO
syn-54,2022-01-27,FAMOUS JOHNS,2,BELUSHI
syn-54,2022-01-27,WORDS CONTAINING HIDDEN NUMBERS,3,TENNIS
syn-54,2022-01-27,WORDS CONTAINING HIDDEN NUMBERS,3,EIGHTEEN
syn-54,2022-01-27,WORDS CONTAINING HIDDEN NUMBERS,3,FORTNIGHT
syn-54,2022-01-27,WORDS CONTAINING HIDDEN NUMBERS,3,SEXTANT
syn-55,2022-01-28,TYPES OF NUTS,0,ALMOND
syn-55,2022-01-28,TYPES OF NUTS,0,WALNUT
syn-55,2022-01-28,TYPES OF NUTS,0,CASHEW
syn-55,2022-01-28,TYPES OF NUTS,0,PECAN
syn-55,2022-01-28,THINGS THAT CAN BE BLIND,1,SPOT
syn-55,2022-01-28,THINGS THAT CAN BE BLIND,1,AMBITION
syn-55,2022-01-28,THINGS THAT CAN BE BLIND,1,RAGE
syn-55,2022-01-28,THINGS THAT CAN BE BLIND,1,SIDE
syn-55,2022-01-28,"WORDS THAT FOLLOW ""CALL""",2,CENTER
syn-55,2022-01-28,"WORDS THAT FOLLOW ""CALL""",2,GIRL
syn-55,2022-01-28,"WORDS THAT FOLLOW ""CALL""",2,BACK
syn-55,2022-01-28,"WORDS THAT FOLLOW ""CALL""",2,SIGN
syn-55,2022-01-28,ANAGRAMS OF CARIBBEAN ISLANDS,3,BEAU
syn-55,2022-01-28,ANAGRAMS OF CARIBBEAN ISLANDS,3,AIRBUS
syn-55,2022-01-28,ANAGRAMS OF CARIBBEAN ISLANDS,3,MINT
syn-55,2022-01-28,ANAGRAMS OF CARIBBEAN ISLANDS,3,COBIA
syn-56,2022-01-01,TYPES OF SOUP,0,MINESTRONE
syn-56,2022-01-01,TYPES OF SOUP,0,BISQUE
syn-56,2022-01-01,TYPES OF SOUP,0,CHOWDER
syn-56,2022-01-01,TYPES OF SOUP,0,CONSOMMÉ
syn-56,2022-01-01,THINGS THAT COME IN ROWS,1,BLEACHERS
syn-56,2022-01-01,THINGS THAT COME IN ROWS,1,CORNFIELD
syn-56,2022-01-01,THINGS THAT COME IN ROWS,1,TEETH
syn-56,2022-01-01,THINGS THAT COME IN ROWS,1,SEATS
syn-56,2022-01-01,WORDS THAT FOLLOW 'LIGHT',2,BULB
syn-56,2022-01-01,WORDS THAT FOLLOW 'LIGHT',2,HOUSE
syn-56,2022-01-01,WORDS THAT FOLLOW 'LIGHT',2,SPEED
syn-56,2022-01-01,WORDS THAT FOLLOW 'LIGHT',2,YEAR
syn-56,2022-01-01,FIRST NAMES + 'HAMMER' = FAMOUS PEOPLE,3,JAN
syn-56,2022-01-01,FIRST NAMES + 'HAMMER' = FAMOUS PEOPLE,3,MC
syn-56,2022-01-01,FIRST NAMES + 'HAMMER' = FAMOUS PEOPLE,3,ARMIE
syn-56,2022-01-01,FIRST NAMES + 'HAMMER' = FAMOUS PEOPLE,3,PEEN
syn-57,2022-01-02,STOP DOING SOMETHING,0,CEASE
syn-57,2022-01-02,STOP DOING SOMETHING,0,HALT
syn-57,2022-01-02,STOP DOING SOMETHING,0,QUIT
syn-57,2022-01-02,STOP DOING SOMETHING,0,ABANDON
syn-57,2022-01-02,THINGS THAT ARE STUBBORN,1,MULE
syn-57,2022-01-02,THINGS THAT ARE STUBBORN,1,STAIN
syn-57,2022-01-02,THINGS THAT ARE STUBBORN,1,STREAK
syn-57,2022-01-02,THINGS THAT ARE STUBBORN,1,COLD
syn-57,2022-01-02,THINGS THAT FOLLOW 'HOT',2,SAUCE
syn-57,2022-01-02,THINGS THAT FOLLOW 'HOT',2,POTATO
syn-57,2022-01-02,THINGS THAT FOLLOW 'HOT',2,SHOT
syn-57,2022-01-02,THINGS THAT FOLLOW 'HOT',2,MESS
syn-57,2022-01-02,JAMES ___ (FAMOUS FIGURES),3,BOND
syn-57,2022-01-02,JAMES ___ (FAMOUS FIGURES),3,DEAN
syn-57,2022-01-02,JAMES ___ (FAMOUS FIGURES),3,BROWN
syn-57,2022-01-02,JAMES ___ (FAMOUS FIGURES),3,WATT
syn-58,2022-01-03,THINGS THAT ARE CRUNCHY,0,CHIPS
syn-58,2022-01-03,THINGS THAT ARE CRUNCHY,0,CARROT
syn-58,2022-01-03,THINGS THAT ARE CRUNCHY,0,GRANOLA
syn-58,2022-01-03,THINGS THAT ARE CRUNCHY,0,POPCORN
syn-58,2022-01-03,BOOKS BY STEPHEN KING,1,MISERY
syn-58,2022-01-03,BOOKS BY STEPHEN KING,1,CARRIE
syn-58,2022-01-03,BOOKS BY STEPHEN KING,1,SHINING
syn-58,2022-01-03,BOOKS BY STEPHEN KING,1,STAND
syn-58,2022-01-03,"PRECEDED BY ""GOLDEN""",2,RETRIEVER
syn-58,2022-01-03,"PRECEDED BY ""GOLDEN""",2,GATE
syn-58,2022-01-03,"PRECEDED BY ""GOLDEN""",2,GOOSE
syn-58,2022-01-03,"PRECEDED BY ""GOLDEN""",2,EAGLE
syn-58,2022-01-03,RICHARDS (DIFFERENT FIRST NAMES),3,KEITH
syn-58,2022-01-03,RICHARDS (DIFFERENT FIRST NAMES),3,CLIFF
syn-58,2022-01-03,RICHARDS (DIFFERENT FIRST NAMES),3,DENISE
syn-58,2022-01-03,RICHARDS (DIFFERENT FIRST NAMES),3,ADAM
syn-59,2022-01-04,TYPES OF SLEEVES,0,CAP
syn-59,2022-01-04,TYPES OF SLEEVES,0,TANK
syn-59,2022-01-04,TYPES OF SLEEVES,0,LONG
syn-59,2022-01-04,TYPES OF SLEEVES,0,THREE-QUARTER
syn-59,2022-01-04,PARTS OF A STAIRCASE,1,RISER
syn-59,2022-01-04,PARTS OF A STAIRCASE,1,TREAD
syn-59,2022-01-04,PARTS OF A STAIRCASE,1,NEWEL
syn-59,2022-01-04,PARTS OF A STAIRCASE,1,BALUSTER
syn-59,2022-01-04,THINGS THAT FOLLOW 'DOUBLE',2,AGENT
syn-59,2022-01-04,THINGS THAT FOLLOW 'DOUBLE',2,TAKE
syn-59,2022-01-04,THINGS THAT FOLLOW 'DOUBLE',2,DUTCH
syn-59,2022-01-04,THINGS THAT FOLLOW 'DOUBLE',2,FEATURE
syn-59,2022-01-04,POETS SHARING FIRST NAME ROBERT,3,FROST
syn-59,2022-01-04,POETS SHARING FIRST NAME ROBERT,3,BURNS
syn-59,2022-01-04,POETS SHARING FIRST NAME ROBERT,3,LOWELL
syn-59,2022-01-04,POETS SHARING FIRST NAME ROBERT,3,PINSKY
syn-60,2022-01-05,THINGS THAT ARE BRIGHT,0,STAR
syn-60,2022-01-05,THINGS THAT ARE BRIGHT,0,SUN
syn-60,2022-01-05,THINGS THAT ARE BRIGHT,0,LAMP
syn-60,2022-01-05,THINGS THAT ARE BRIGHT,0,FLAME
syn-60,2022-01-05,CHARACTERS IN THE ODYSSEY,1,CIRCE
syn-60,2022-01-05,CHARACTERS IN THE ODYSSEY,1,CALYPSO
syn-60,2022-01-05,CHARACTERS IN THE ODYSSEY,1,PENELOPE
syn-60,2022-01-05,CHARACTERS IN THE ODYSSEY,1,TELEMACHUS
syn-60,2022-01-05,THINGS THAT CAN PRECEDE 'METAL',2,HEAVY
syn-60,2022-01-05,THINGS THAT CAN PRECEDE 'METAL',2,SHEET
syn-60,2022-01-05,THINGS THAT CAN PRECEDE 'METAL',2,PRECIOUS
syn-60,2022-01-05,THINGS THAT CAN PRECEDE 'METAL',2,SCRAP
syn-60,2022-01-05,WORDS THAT BECOME COCKTAILS WITH SUFFIX '-TINI',3,APPLE
syn-60,2022-01-05,WORDS THAT BECOME COCKTAILS WITH SUFFIX '-TINI',3,DIRTY
syn-60,2022-01-05,WORDS THAT BECOME COCKTAILS WITH SUFFIX '-TINI',3,LEMON
syn-60,2022-01-05,WORDS THAT BECOME COCKTAILS WITH SUFFIX '-TINI',3,ESPRESSO
syn-61,2022-01-06,THINGS THAT STICK TO SURFACES,0,MAGNET
syn-61,2022-01-06,THINGS THAT STICK TO SURFACES,0,TAPE
syn-61,2022-01-06,THINGS THAT STICK TO SURFACES,0,GLUE
syn-61,2022-01-06,THINGS THAT STICK TO SURFACES,0,STICKER
syn-61,2022-01-06,HARRY POTTER LOCATIONS,1,HOGWARTS
syn-61,2022-01-06,HARRY POTTER LOCATIONS,1,DIAGON
syn-61,2022-01-06,HARRY POTTER LOCATIONS,1,GRINGOTTS
syn-61,2022-01-06,HARRY POTTER LOCATIONS,1,AZKABAN
syn-61,2022-01-06,WORDS HIDING A SHOE BRAND,2,SNEAKER
syn-61,2022-01-06,WORDS HIDING A SHOE BRAND,2,REEBOKS
syn-61,2022-01-06,WORDS HIDING A SHOE BRAND,2,NIRVANA
syn-61,2022-01-06,WORDS HIDING A SHOE BRAND,2,ADORING
syn-61,2022-01-06,WORDS FOLLOWING 'SUGAR',3,PLUM
syn-61,2022-01-06,WORDS FOLLOWING 'SUGAR',3,CANE
syn-61,2022-01-06,WORDS FOLLOWING 'SUGAR',3,RUSH
syn-61,2022-01-06,WORDS FOLLOWING 'SUGAR',3,COAT
syn-62,2022-01-07,THINGS THAT ARE CHEWY,0,TAFFY
syn-62,2022-01-07,THINGS THAT ARE CHEWY,0,CARAMEL
syn-62,2022-01-07,THINGS THAT ARE CHEWY,0,TOFFEE
syn-62,2022-01-07,THINGS THAT ARE CHEWY,0,LICORICE
syn-62,2022-01-07,DOUBLE-LETTER WORDS ENDING IN 'EE',1,COFFEE
syn-62,2022-01-07,DOUBLE-LETTER WORDS ENDING IN 'EE',1,COMMITTEE
syn-62,2022-01-07,DOUBLE-LETTER WORDS ENDING IN 'EE',1,TRUSTEE
syn-62,2022-01-07,DOUBLE-LETTER WORDS ENDING IN 'EE',1,EMPLOYEE
syn-62,2022-01-07,SANDWICHES MINUS 'WICH',2,REUBEN
syn-62,2022-01-07,SANDWICHES MINUS 'WICH',2,CUBAN
syn-62,2022-01-07,SANDWICHES MINUS 'WICH',2,RACHEL
syn-62,2022-01-07,SANDWICHES MINUS 'WICH',2,MONTE CRISTO
syn-62,2022-01-07,WORDS THAT FOLLOW 'BLACK',3,JACK
syn-62,2022-01-07,WORDS THAT FOLLOW 'BLACK',3,EYE
syn-62,2022-01-07,WORDS THAT FOLLOW 'BLACK',3,MAIL
syn-62,2022-01-07,WORDS THAT FOLLOW 'BLACK',3,MARKET
syn-63,2022-01-08,TOOLS FOR CUTTING,0,KNIFE
syn-63,2022-01-08,TOOLS FOR CUTTING,0,SCISSORS
syn-63,2022-01-08,TOOLS FOR CUTTING,0,AXE
syn-63,2022-01-08,TOOLS FOR CUTTING,0,SAW
syn-63,2022-01-08,THINGS THAT CAN BE BLUE,1,MOON
syn-63,2022-01-08,THINGS THAT CAN BE BLUE,1,WHALE
syn-63,2022-01-08,THINGS THAT CAN BE BLUE,1,JAY
syn-63,2022-01-08,THINGS THAT CAN BE BLUE,1,CHEESE
syn-63,2022-01-08,WORDS FOLLOWING 'ORANGE',2,PEEL
syn-63,2022-01-08,WORDS FOLLOWING 'ORANGE',2,JUICE
syn-63,2022-01-08,WORDS FOLLOWING 'ORANGE',2,BLOSSOM
syn-63,2022-01-08,WORDS FOLLOWING 'ORANGE',2,COUNTY
syn-63,2022-01-08,PRESIDENTS + LETTER BEFORE = FOOD,3,TAFT
syn-63,2022-01-08,PRESIDENTS + LETTER BEFORE = FOOD,3,GRANT
syn-63,2022-01-08,PRESIDENTS + LETTER BEFORE = FOOD,3,TYLER
syn-63,2022-01-08,PRESIDENTS + LETTER BEFORE = FOOD,3,POLK
syn-64,2022-01-09,THINGS THAT ARE CRUMBLY,0,COOKIE
syn-64,2022-01-09,THINGS THAT ARE CRUMBLY,0,CHALK
syn-64,2022-01-09,THINGS THAT ARE CRUMBLY,0,SOIL
syn-64,2022-01-09,THINGS THAT ARE CRUMBLY,0,CAKE
syn-64,2022-01-09,WORDS ENDING IN DOUBLE LETTER,1,MISSPELL
syn-64,2022-01-09,WORDS ENDING IN DOUBLE LETTER,1,FULFILL
syn-64,2022-01-09,WORDS ENDING IN DOUBLE LETTER,1,POSSESS
syn-64,2022-01-09,WORDS ENDING IN DOUBLE LETTER,1,SUPPRESS
syn-64,2022-01-09,ACTORS WITH FIRST NAME HENRY,2,CAVILL
syn-64,2022-01-09,ACTORS WITH FIRST NAME HENRY,2,WINKLER
syn-64,2022-01-09,ACTORS WITH FIRST NAME HENRY,2,THOMAS
syn-64,2022-01-09,ACTORS WITH FIRST NAME HENRY,2,ROLLINS
syn-64,2022-01-09,REMOVE FIRST & LAST LETTER TO GET A WORD,3,SPIES
syn-64,2022-01-09,REMOVE FIRST & LAST LETTER TO GET A WORD,3,SHALE
syn-64,2022-01-09,REMOVE FIRST & LAST LETTER TO GET A WORD,3,STOLEN
syn-64,2022-01-09,REMOVE FIRST & LAST LETTER TO GET A WORD,3,SCARE
syn-65,2022-01-10,FEELINGS OF AFFECTION,0,ADORE
syn-65,2022-01-10,FEELINGS OF AFFECTION,0,CHERISH
syn-65,2022-01-10,FEELINGS OF AFFECTION,0,TREASURE
syn-65,2022-01-10,FEELINGS OF AFFECTION,0,DOTE
syn-65,2022-01-10,SLOW COOKING METHODS,1,BRAISE
syn-65,2022-01-10,SLOW COOKING METHODS,1,SIMMER
syn-65,2022-01-10,SLOW COOKING METHODS,1,STEW
syn-65,2022-01-10,SLOW COOKING METHODS,1,POACH
syn-65,2022-01-10,"HIDDEN ""SOUND"" WORDS",2,RESONANT
syn-65,2022-01-10,"HIDDEN ""SOUND"" WORDS",2,THUNDERCLAP
syn-65,2022-01-10,"HIDDEN ""SOUND"" WORDS",2,DISCORD
syn-65,2022-01-10,"HIDDEN ""SOUND"" WORDS",2,SONAR
syn-65,2022-01-10,FAMOUS DAVES,3,GROHL
syn-65,2022-01-10,FAMOUS DAVES,3,BOWIE
syn-65,2022-01-10,FAMOUS DAVES,3,CHAPPELLE
syn-65,2022-01-10,FAMOUS DAVES,3,MATTHEWS
syn-66,2022-01-11,BREAKFAST CEREALS,0,CHEERIOS
syn-66,2022-01-11,BREAKFAST CEREALS,0,FROSTED FLAKES
syn-66,2022-01-11,BREAKFAST CEREALS,0,LUCKY CHARMS
syn-66,2022-01-11,BREAKFAST CEREALS,0,TRIX
syn-66,2022-01-11,THINGS THAT CAN BE GOLDEN,1,TICKET
syn-66,2022-01-11,THINGS THAT CAN BE GOLDEN,1,RETRIEVER
syn-66,2022-01-11,THINGS THAT CAN BE GOLDEN,1,PARACHUTE
syn-66,2022-01-11,THINGS THAT CAN BE GOLDEN,1,GOOSE
syn-66,2022-01-11,FAMOUS CHARLESES,2,BARKLEY
syn-66,2022-01-11,FAMOUS CHARLESES,2,BRONSON
syn-66,2022-01-11,FAMOUS CHARLESES,2,DICKENS
syn-66,2022-01-11,FAMOUS CHARLESES,2,DARWIN
syn-66,2022-01-11,WORDS PRECEDED BY 'HOT',3,DOG
syn-66,2022-01-11,WORDS PRECEDED BY 'HOT',3,SPRINGS
syn-66,2022-01-11,WORDS PRECEDED BY 'HOT',3,SHOT
syn-66,2022-01-11,WORDS PRECEDED BY 'HOT',3,POTATO
syn-67,2022-01-12,THINGS THAT ARE WARM,0,BLANKET
syn-67,2022-01-12,THINGS THAT ARE WARM,0,COCOA
syn-67,2022-01-12,THINGS THAT ARE WARM,0,FIRE
syn-67,2022-01-12,THINGS THAT ARE WARM,0,SWEATER
syn-67,2022-01-12,WORDS THAT FOLLOW 'STRAW',1,BERRY
syn-67,2022-01-12,WORDS THAT FOLLOW 'STRAW',1,MAN
syn-67,2022-01-12,WORDS THAT FOLLOW 'STRAW',1,POLL
syn-67,2022-01-12,WORDS THAT FOLLOW 'STRAW',1,WEIGHT
syn-67,2022-01-12,FICTIONAL CHARACTERS WITH COLOR NAMES,2,MARLIN
syn-67,2022-01-12,FICTIONAL CHARACTERS WITH COLOR NAMES,2,ELMO
syn-67,2022-01-12,FICTIONAL CHARACTERS WITH COLOR NAMES,2,SCAR
syn-67,2022-01-12,FICTIONAL CHARACTERS WITH COLOR NAMES,2,MERIDA
syn-67,2022-01-12,REMOVE 'S' TO GET A VERB ENDING IN 'Y',3,STAYS
syn-67,2022-01-12,REMOVE 'S' TO GET A VERB ENDING IN 'Y',3,PLAYS
syn-67,2022-01-12,REMOVE 'S' TO GET A VERB ENDING IN 'Y',3,SPRAYS
syn-67,2022-01-12,REMOVE 'S' TO GET A VERB ENDING IN 'Y',3,GRAYS
syn-68,2022-01-13,BECOME ANGRY,0,SEETHE
syn-68,2022-01-13,BECOME ANGRY,0,FUME
syn-68,2022-01-13,BECOME ANGRY,0,BOIL
syn-68,2022-01-13,BECOME ANGRY,0,RAGE
syn-68,2022-01-13,THINGS WITH LACES,1,CORSET
syn-68,2022-01-13,THINGS WITH LACES,1,SHOE
syn-68,2022-01-13,THINGS WITH LACES,1,CURTAIN
syn-68,2022-01-13,THINGS WITH LACES,1,DOILY
syn-68,2022-01-13,EDIBLE ___ CANDY,2,ROCK
syn-68,2022-01-13,EDIBLE ___ CANDY,2,COTTON
syn-68,2022-01-13,EDIBLE ___ CANDY,2,HARD
syn-68,2022-01-13,EDIBLE ___ CANDY,2,BARLEY
syn-68,2022-01-13,ANAGRAMS OF ANIMALS,3,TRACE
syn-68,2022-01-13,ANAGRAMS OF ANIMALS,3,PRATS
syn-68,2022-01-13,ANAGRAMS OF ANIMALS,3,SILENT
syn-68,2022-01-13,ANAGRAMS OF ANIMALS,3,BREAD
syn-69,2022-01-14,FLAVORS OF ICE CREAM,0,VANILLA
syn-69,2022-01-14,FLAVORS OF ICE CREAM,0,CHOCOLATE
syn-69,2022-01-14,FLAVORS OF ICE CREAM,0,STRAWBERRY
syn-69,2022-01-14,FLAVORS OF ICE CREAM,0,MINT
syn-69,2022-01-14,THINGS YOU CAN FOLD,1,LAUNDRY
syn-69,2022-01-14,THINGS YOU CAN FOLD,1,ENVELOPE
syn-69,2022-01-14,THINGS YOU CAN FOLD,1,ORIGAMI
syn-69,2022-01-14,THINGS YOU CAN FOLD,1,OMELETTE
syn-69,2022-01-14,WORDS BEFORE 'BOARD',2,KEY
syn-69,2022-01-14,WORDS BEFORE 'BOARD',2,SURF
syn-69,2022-01-14,WORDS BEFORE 'BOARD',2,CLIP
syn-69,2022-01-14,WORDS BEFORE 'BOARD',2,DASH
syn-69,2022-01-14,LAST NAMES THAT SOUND LIKE NUMBERS,3,FOREMAN
syn-69,2022-01-14,LAST NAMES THAT SOUND LIKE NUMBERS,3,ONEAL
syn-69,2022-01-14,LAST NAMES THAT SOUND LIKE NUMBERS,3,NEWTON
syn-69,2022-01-14,LAST NAMES THAT SOUND LIKE NUMBERS,3,SEVERIN
syn-70,2022-01-15,SHADES OF ORANGE,0,APRICOT
syn-70,2022-01-15,SHADES OF ORANGE,0,PEACH
syn-70,2022-01-15,SHADES OF ORANGE,0,CORAL
syn-70,2022-01-15,SHADES OF ORANGE,0,TANGERINE
syn-70,2022-01-15,"THINGS THAT CAN BE ""LEGAL""",1,EAGLE
syn-70,2022-01-15,"THINGS THAT CAN BE ""LEGAL""",1,TENDER
syn-70,2022-01-15,"THINGS THAT CAN BE ""LEGAL""",1,BRIEF
syn-70,2022-01-15,"THINGS THAT CAN BE ""LEGAL""",1,PAD
syn-70,2022-01-15,SANDWICHES NAMED FOR PLACES,2,CUBAN
syn-70,2022-01-15,SANDWICHES NAMED FOR PLACES,2,REUBEN
syn-70,2022-01-15,SANDWICHES NAMED FOR PLACES,2,MONTE CRISTO
syn-70,2022-01-15,SANDWICHES NAMED FOR PLACES,2,PHILLY
syn-70,2022-01-15,"ADD ""JUST"" TO GET A WORD",3,ICE
syn-70,2022-01-15,"ADD ""JUST"" TO GET A WORD",3,MUFFIN
syn-70,2022-01-15,"ADD ""JUST"" TO GET A WORD",3,IN
syn-70,2022-01-15,"ADD ""JUST"" TO GET A WORD",3,BORN
syn-71,2022-01-16,THINGS THAT ARE COZY,0,BLANKET
syn-71,2022-01-16,THINGS THAT ARE COZY,0,SWEATER
syn-71,2022-01-16,THINGS THAT ARE COZY,0,FIREPLACE
syn-71,2022-01-16,THINGS THAT ARE COZY,0,CABIN
syn-71,2022-01-16,GREEK LETTERS THAT SOUND LIKE ENGLISH WORDS,1,MU
syn-71,2022-01-16,GREEK LETTERS THAT SOUND LIKE ENGLISH WORDS,1,RHO
syn-71,2022-01-16,GREEK LETTERS THAT SOUND LIKE ENGLISH WORDS,1,TAU
syn-71,2022-01-16,GREEK LETTERS THAT SOUND LIKE ENGLISH WORDS,1,CHI
syn-71,2022-01-16,REMOVE THE 'S' TO GET A WORD,2,SHORES
syn-71,2022-01-16,REMOVE THE 'S' TO GET A WORD,2,STAKES
syn-71,2022-01-16,REMOVE THE 'S' TO GET A WORD,2,SMELT
syn-71,2022-01-16,REMOVE THE 'S' TO GET A WORD,2,SATE
syn-71,2022-01-16,___ TOWN,3,GHOST
syn-71,2022-01-16,___ TOWN,3,BOOM
syn-71,2022-01-16,___ TOWN,3,MID
syn-71,2022-01-16,___ TOWN,3,LOST
syn-72,2022-01-17,BODY PARTS OF A CHICKEN,0,BREAST
syn-72,2022-01-17,BODY PARTS OF A CHICKEN,0,WING
syn-72,2022-01-17,BODY PARTS OF A CHICKEN,0,THIGH
syn-72,2022-01-17,BODY PARTS OF A CHICKEN,0,LEG
syn-72,2022-01-17,"THINGS THAT CAN BE ""HARD""",1,CIDER
syn-72,2022-01-17,"THINGS THAT CAN BE ""HARD""",1,CANDY
syn-72,2022-01-17,"THINGS THAT CAN BE ""HARD""",1,LABOR
syn-72,2022-01-17,"THINGS THAT CAN BE ""HARD""",1,DRIVE
syn-72,2022-01-17,"WORDS THAT FOLLOW ""UPPER""",2,CRUST
syn-72,2022-01-17,"WORDS THAT FOLLOW ""UPPER""",2,HAND
syn-72,2022-01-17,"WORDS THAT FOLLOW ""UPPER""",2,CUT
syn-72,2022-01-17,"WORDS THAT FOLLOW ""UPPER""",2,DECK
syn-72,2022-01-17,ANAGRAMS OF SPANISH NUMBERS,3,ONCE
syn-72,2022-01-17,ANAGRAMS OF SPANISH NUMBERS,3,TRES
syn-72,2022-01-17,ANAGRAMS OF SPANISH NUMBERS,3,OARED
syn-72,2022-01-17,ANAGRAMS OF SPANISH NUMBERS,3,CHINO
syn-73,2022-01-18,TYPES OF MOLLUSKS,0,CLAM
syn-73,2022-01-18,TYPES OF MOLLUSKS,0,SQUID
syn-73,2022-01-18,TYPES OF MOLLUSKS,0,MUSSEL
syn-73,2022-01-18,TYPES OF MOLLUSKS,0,SNAIL
syn-73,2022-01-18,THINGS THAT COME IN SHELLS,1,NUT
syn-73,2022-01-18,THINGS THAT COME IN SHELLS,1,EGG
syn-73,2022-01-18,THINGS THAT COME IN SHELLS,1,TORTOISE
syn-73,2022-01-18,THINGS THAT COME IN SHELLS,1,HERMIT CRAB
syn-73,2022-01-18,BEATLES SONGS WITH GIRLS' NAMES,2,JULIA
syn-73,2022-01-18,BEATLES SONGS WITH GIRLS' NAMES,2,MICHELLE
syn-73,2022-01-18,BEATLES SONGS WITH GIRLS' NAMES,2,LUCY
syn-73,2022-01-18,BEATLES SONGS WITH GIRLS' NAMES,2,ELEANOR
syn-73,2022-01-18,REMOVE 'S' TO GET A ROCK BAND,3,STONES
syn-73,2022-01-18,REMOVE 'S' TO GET A ROCK BAND,3,QUEENS
syn-73,2022-01-18,REMOVE 'S' TO GET A ROCK BAND,3,EAGLES
syn-73,2022-01-18,REMOVE 'S' TO GET A ROCK BAND,3,DOORS
syn-74,2022-01-19,"THIN, DELICATE FABRICS",0,CHIFFON
syn-74,2022-01-19,"THIN, DELICATE FABRICS",0,MUSLIN
syn-74,2022-01-19,"THIN, DELICATE FABRICS",0,GAUZE
syn-74,2022-01-19,"THIN, DELICATE FABRICS",0,LACE
syn-74,2022-01-19,THINGS THAT TWIST OR SPIRAL,1,HELIX
syn-74,2022-01-19,THINGS THAT TWIST OR SPIRAL,1,TORNADO
syn-74,2022-01-19,THINGS THAT TWIST OR SPIRAL,1,CORKSCREW
syn-74,2022-01-19,THINGS THAT TWIST OR SPIRAL,1,WHIRLPOOL
syn-74,2022-01-19,WORDS HIDING A DANCE,2,JITTERBUGGED
syn-74,2022-01-19,WORDS HIDING A DANCE,2,FOXTROTTING
syn-74,2022-01-19,WORDS HIDING A DANCE,2,WALTZER
syn-74,2022-01-19,WORDS HIDING A DANCE,2,TANGIBLE
syn-74,2022-01-19,FAMOUS JOSEPHS (LAST NAMES),3,STALIN
syn-74,2022-01-19,FAMOUS JOSEPHS (LAST NAMES),3,GORDON
syn-74,2022-01-19,FAMOUS JOSEPHS (LAST NAMES),3,CAMPBELL
syn-74,2022-01-19,FAMOUS JOSEPHS (LAST NAMES),3,FIENNES
syn-75,2022-01-20,SPICY PEPPERS,0,HABANERO
syn-75,2022-01-20,SPICY PEPPERS,0,JALAPEÑO
syn-75,2022-01-20,SPICY PEPPERS,0,CAYENNE
syn-75,2022-01-20,SPICY PEPPERS,0,SERRANO
syn-75,2022-01-20,SHADES OF PURPLE,1,MAUVE
syn-75,2022-01-20,SHADES OF PURPLE,1,PLUM
syn-75,2022-01-20,SHADES OF PURPLE,1,VIOLET
syn-75,2022-01-20,SHADES OF PURPLE,1,INDIGO
syn-75,2022-01-20,FAMOUS PATRICKS,2,STEWART
syn-75,2022-01-20,FAMOUS PATRICKS,2,HARRIS
syn-75,2022-01-20,FAMOUS PATRICKS,2,DEMPSEY
syn-75,2022-01-20,FAMOUS PATRICKS,2,SWAYZE
syn-75,2022-01-20,DESERT ___,3,ROSE
syn-75,2022-01-20,DESERT ___,3,STORM
syn-75,2022-01-20,DESERT ___,3,ISLAND
syn-75,2022-01-20,DESERT ___,3,BOOT
syn-77,2022-01-22,NOBEL PEACE PRIZE WINNERS,0,MALALA
syn-77,2022-01-22,NOBEL PEACE PRIZE WINNERS,0,MANDELA
syn-77,2022-01-22,NOBEL PEACE PRIZE WINNERS,0,OBAMA
syn-77,2022-01-22,NOBEL PEACE PRIZE WINNERS,0,SUU KYI
syn-77,2022-01-22,LOSE + LETTER,1,LOSER
syn-77,2022-01-22,LOSE + LETTER,1,LOSSY
syn-77,2022-01-22,LOSE + LETTER,1,CLOSES
syn-77,2022-01-22,LOSE + LETTER,1,CLOSELY
syn-77,2022-01-22,CONTAINS A CURRENCY,2,DRACHMA
syn-77,2022-01-22,CONTAINS A CURRENCY,2,TUGBOAT
syn-77,2022-01-22,CONTAINS A CURRENCY,2,RUPTURE
syn-77,2022-01-22,CONTAINS A CURRENCY,2,YENNING
syn-77,2022-01-22,ENDING WITH CARDS IN PLAYING DECKS,3,DIAMONDBACKED
syn-77,2022-01-22,ENDING WITH CARDS IN PLAYING DECKS,3,HEARTFELT
syn-77,2022-01-22,ENDING WITH CARDS IN PLAYING DECKS,3,CLUBFOOT
syn-77,2022-01-22,ENDING WITH CARDS IN PLAYING DECKS,3,SPADEWORK
syn-78,2022-01-23,SHAKESPEAREAN TRAGEDIES,0,HAMLET
syn-78,2022-01-23,SHAKESPEAREAN TRAGEDIES,0,MACBETH
syn-78,2022-01-23,SHAKESPEAREAN TRAGEDIES,0,OTHELLO
syn-78,2022-01-23,SHAKESPEAREAN TRAGEDIES,0,KING LEAR
syn-78,2022-01-23,ELEMENTS OF A CRIME SCENE,1,EVIDENCE
syn-78,2022-01-23,ELEMENTS OF A CRIME SCENE,1,MOTIVE
syn-78,2022-01-23,ELEMENTS OF A CRIME SCENE,1,WITNESS
syn-78,2022-01-23,ELEMENTS OF A CRIME SCENE,1,ALIBI
syn-78,2022-01-23,STARTS WITH TOOLS,2,HAMMER
syn-78,2022-01-23,STARTS WITH TOOLS,2,SAWBONES
syn-78,2022-01-23,STARTS WITH TOOLS,2,PICKPOCKET
syn-78,2022-01-23,STARTS WITH TOOLS,2,SCREWBALL
syn-78,2022-01-23,HOMOPHONES OF FAMOUS PAINTERS,3,MONET
syn-78,2022-01-23,HOMOPHONES OF FAMOUS PAINTERS,3,SEURAT
syn-78,2022-01-23,HOMOPHONES OF FAMOUS PAINTERS,3,DALI
syn-78,2022-01-23,HOMOPHONES OF FAMOUS PAINTERS,3,KLEE
syn-79,2022-01-24,THINGS THAT MELT,0,ICE
syn-79,2022-01-24,THINGS THAT MELT,0,CHOCOLATE
syn-79,2022-01-24,THINGS THAT MELT,0,BUTTER
syn-79,2022-01-24,THINGS THAT MELT,0,SNOW
syn-79,2022-01-24,FAMOUS DAVIDS,1,BOWIE
syn-79,2022-01-24,FAMOUS DAVIDS,1,LETTERMAN
syn-79,2022-01-24,FAMOUS DAVIDS,1,BECKHAM
syn-79,2022-01-24,FAMOUS DAVIDS,1,COPPERFIELD
syn-79,2022-01-24,HIDING A FISH,2,SWORDFISH
syn-79,2022-01-24,HIDING A FISH,2,STARFISH
syn-79,2022-01-24,HIDING A FISH,2,SHELLFISH
syn-79,2022-01-24,HIDING A FISH,2,CRAWFISH
syn-79,2022-01-24,PRECEDES 'WOOD',3,PLYWOOD
syn-79,2022-01-24,PRECEDES 'WOOD',3,DOGWOOD
syn-79,2022-01-24,PRECEDES 'WOOD',3,REDWOOD
syn-79,2022-01-24,PRECEDES 'WOOD',3,DEADWOOD
syn-80,2022-01-25,JANE AUSTEN HEROINES,0,EMMA
syn-80,2022-01-25,JANE AUSTEN HEROINES,0,ANNE
syn-80,2022-01-25,JANE AUSTEN HEROINES,0,ELIZABETH
syn-80,2022-01-25,JANE AUSTEN HEROINES,0,CATHERINE
syn-80,2022-01-25,RHYME WITH 'BOING',1,SPRING
syn-80,2022-01-25,RHYME WITH 'BOING',1,WING
syn-80,2022-01-25,RHYME WITH 'BOING',1,THING
syn-80,2022-01-25,RHYME WITH 'BOING',1,STING
syn-80,2022-01-25,PRESIDENTS + FIRST NAME 'JAMES',2,MADISON
syn-80,2022-01-25,PRESIDENTS + FIRST NAME 'JAMES',2,MONROE
syn-80,2022-01-25,PRESIDENTS + FIRST NAME 'JAMES',2,POLK
syn-80,2022-01-25,PRESIDENTS + FIRST NAME 'JAMES',2,GARFIELD
syn-80,2022-01-25,HIDE A TOOL INSIDE,3,SAWYER
syn-80,2022-01-25,HIDE A TOOL INSIDE,3,HAMMER
syn-80,2022-01-25,HIDE A TOOL INSIDE,3,WRENCH
syn-80,2022-01-25,HIDE A TOOL INSIDE,3,PLIERS
syn-81,2022-01-26,THINGS THAT HOOT,0,OWL
syn-81,2022-01-26,THINGS THAT HOOT,0,HORN
syn-81,2022-01-26,THINGS THAT HOOT,0,SIREN
syn-81,2022-01-26,THINGS THAT HOOT,0,WHISTLE
syn-81,2022-01-26,FAMOUS STEPHENS,1,KING
syn-81,2022-01-26,FAMOUS STEPHENS,1,COLBERT
syn-81,2022-01-26,FAMOUS STEPHENS,1,CURRY
syn-81,2022-01-26,FAMOUS STEPHENS,1,HAWKING
syn-81,2022-01-26,HIDE A MUSICAL INSTRUMENT,2,DRUM
syn-81,2022-01-26,HIDE A MUSICAL INSTRUMENT,2,TROUBADOUR
syn-81,2022-01-26,HIDE A MUSICAL INSTRUMENT,2,FLUTTERING
syn-81,2022-01-26,HIDE A MUSICAL INSTRUMENT,2,VIOLIN
syn-81,2022-01-26,PRECEDES 'S PARADOX',3,ZENO
syn-81,2022-01-26,PRECEDES 'S PARADOX',3,RUSSELL
syn-81,2022-01-26,PRECEDES 'S PARADOX',3,ARROW
syn-81,2022-01-26,PRECEDES 'S PARADOX',3,GALILEO
